publication;date;reference;type;link
FALSE;2024-03-28;1C_113/2023;Strassenbau und Strassenverkehr;https://www.bger.ch/ext/eurospider/live/fr/php/aza/http/index.php?highlight_docid=aza://05-02-2024-1C_113-2023&lang=fr&zoom=&type=show_document
FALSE;2024-03-28;7B_80/2023;Procédure pénale;https://www.bger.ch/ext/eurospider/live/fr/php/aza/http/index.php?highlight_docid=aza://06-02-2024-7B_80-2023&lang=fr&zoom=&type=show_document
FALSE;2024-03-28;5A_626/2023;Familienrecht;https://www.bger.ch/ext/eurospider/live/fr/php/aza/http/index.php?highlight_docid=aza://09-02-2024-5A_626-2023&lang=fr&zoom=&type=show_document
FALSE;2024-03-28;4A_174/2023;Droit des contrats;https://www.bger.ch/ext/eurospider/live/fr/php/aza/http/index.php?highlight_docid=aza://12-02-2024-4A_174-2023&lang=fr&zoom=&type=show_document
FALSE;2024-03-28;2C_84/2023;Grundrecht;https://www.bger.ch/ext/eurospider/live/fr/php/aza/http/index.php?highlight_docid=aza://13-02-2024-2C_84-2023&lang=fr&zoom=&type=show_document
FALSE;2024-03-28;7B_1015/2023;Strafprozess;https://www.bger.ch/ext/eurospider/live/fr/php/aza/http/index.php?highlight_docid=aza://13-02-2024-7B_1015-2023&lang=fr&zoom=&type=show_document
FALSE;2024-03-28;7B_636/2023;Zuständigkeitsfragen, Garantie des Wohnsitzrichters und des verfassungsmässigen Richters;https://www.bger.ch/ext/eurospider/live/fr/php/aza/http/index.php?highlight_docid=aza://14-02-2024-7B_636-2023&lang=fr&zoom=&type=show_document
FALSE;2024-03-28;4D_4/2024;Droit des poursuites et faillites;https://www.bger.ch/ext/eurospider/live/fr/php/aza/http/index.php?highlight_docid=aza://21-02-2024-4D_4-2024&lang=fr&zoom=&type=show_document
FALSE;2024-03-28;7B_250/2022;Straftaten;https://www.bger.ch/ext/eurospider/live/fr/php/aza/http/index.php?highlight_docid=aza://21-02-2024-7B_250-2022&lang=fr&zoom=&type=show_document
FALSE;2024-03-28;7B_375/2023;Strafprozess;https://www.bger.ch/ext/eurospider/live/fr/php/aza/http/index.php?highlight_docid=aza://21-02-2024-7B_375-2023&lang=fr&zoom=&type=show_document
TRUE;2024-03-28;1C_641/2022;Politische Rechte*;https://www.bger.ch/ext/eurospider/live/fr/php/aza/http/index.php?highlight_docid=aza://22-02-2024-1C_641-2022&lang=fr&zoom=&type=show_document
FALSE;2024-03-28;5A_515/2023;Schuldbetreibungs- und Konkursrecht;https://www.bger.ch/ext/eurospider/live/fr/php/aza/http/index.php?highlight_docid=aza://23-02-2024-5A_515-2023&lang=fr&zoom=&type=show_document
FALSE;2024-03-28;5A_517/2023;Schuldbetreibungs- und Konkursrecht;https://www.bger.ch/ext/eurospider/live/fr/php/aza/http/index.php?highlight_docid=aza://23-02-2024-5A_517-2023&lang=fr&zoom=&type=show_document
FALSE;2024-03-28;4D_21/2024;Droit des poursuites et faillites;https://www.bger.ch/ext/eurospider/live/fr/php/aza/http/index.php?highlight_docid=aza://27-02-2024-4D_21-2024&lang=fr&zoom=&type=show_document
FALSE;2024-03-28;4A_478/2023;Vertragsrecht;https://www.bger.ch/ext/eurospider/live/fr/php/aza/http/index.php?highlight_docid=aza://04-03-2024-4A_478-2023&lang=fr&zoom=&type=show_document
FALSE;2024-03-28;9C_224/2023;Finanze pubbliche & diritto tributario;https://www.bger.ch/ext/eurospider/live/fr/php/aza/http/index.php?highlight_docid=aza://04-03-2024-9C_224-2023&lang=fr&zoom=&type=show_document
FALSE;2024-03-28;9C_225/2023;Finanze pubbliche & diritto tributario;https://www.bger.ch/ext/eurospider/live/fr/php/aza/http/index.php?highlight_docid=aza://04-03-2024-9C_225-2023&lang=fr&zoom=&type=show_document
FALSE;2024-03-28;5A_823/2023;Droit des successions;https://www.bger.ch/ext/eurospider/live/fr/php/aza/http/index.php?highlight_docid=aza://05-03-2024-5A_823-2023&lang=fr&zoom=&type=show_document
FALSE;2024-03-28;9C_237/2023;Finances publiques & droit fiscal;https://www.bger.ch/ext/eurospider/live/fr/php/aza/http/index.php?highlight_docid=aza://05-03-2024-9C_237-2023&lang=fr&zoom=&type=show_document
FALSE;2024-03-28;6B_1040/2023;Straftaten;https://www.bger.ch/ext/eurospider/live/fr/php/aza/http/index.php?highlight_docid=aza://06-03-2024-6B_1040-2023&lang=fr&zoom=&type=show_document
FALSE;2024-03-28;6B_518/2023;Straftaten;https://www.bger.ch/ext/eurospider/live/fr/php/aza/http/index.php?highlight_docid=aza://06-03-2024-6B_518-2023&lang=fr&zoom=&type=show_document
FALSE;2024-03-28;8C_316/2023;Assurance-invalidité;https://www.bger.ch/ext/eurospider/live/fr/php/aza/http/index.php?highlight_docid=aza://06-03-2024-8C_316-2023&lang=fr&zoom=&type=show_document
TRUE;2024-03-28;8C_306/2023;Arbeitslosenversicherung*;https://www.bger.ch/ext/eurospider/live/fr/php/aza/http/index.php?highlight_docid=aza://07-03-2024-8C_306-2023&lang=fr&zoom=&type=show_document
FALSE;2024-03-28;8C_451/2023;Assurance-accidents;https://www.bger.ch/ext/eurospider/live/fr/php/aza/http/index.php?highlight_docid=aza://07-03-2024-8C_451-2023&lang=fr&zoom=&type=show_document
FALSE;2024-03-28;8C_810/2023;Invalidenversicherung;https://www.bger.ch/ext/eurospider/live/fr/php/aza/http/index.php?highlight_docid=aza://07-03-2024-8C_810-2023&lang=fr&zoom=&type=show_document
FALSE;2024-03-28;5A_576/2023;Familienrecht;https://www.bger.ch/ext/eurospider/live/fr/php/aza/http/index.php?highlight_docid=aza://08-03-2024-5A_576-2023&lang=fr&zoom=&type=show_document
FALSE;2024-03-28;6B_1293/2023;Strafrecht (allgemein);https://www.bger.ch/ext/eurospider/live/fr/php/aza/http/index.php?highlight_docid=aza://11-03-2024-6B_1293-2023&lang=fr&zoom=&type=show_document
FALSE;2024-03-28;6B_1301/2023;Straftaten;https://www.bger.ch/ext/eurospider/live/fr/php/aza/http/index.php?highlight_docid=aza://11-03-2024-6B_1301-2023&lang=fr&zoom=&type=show_document
FALSE;2024-03-28;6B_1302/2023;Strafrecht (allgemein);https://www.bger.ch/ext/eurospider/live/fr/php/aza/http/index.php?highlight_docid=aza://11-03-2024-6B_1302-2023&lang=fr&zoom=&type=show_document
FALSE;2024-03-28;4A_96/2024;Droit des contrats;https://www.bger.ch/ext/eurospider/live/fr/php/aza/http/index.php?highlight_docid=aza://12-03-2024-4A_96-2024&lang=fr&zoom=&type=show_document
FALSE;2024-03-28;8C_123/2024;Arbeitslosenversicherung;https://www.bger.ch/ext/eurospider/live/fr/php/aza/http/index.php?highlight_docid=aza://12-03-2024-8C_123-2024&lang=fr&zoom=&type=show_document
FALSE;2024-03-28;8C_35/2024;Gesundheitswesen & soziale Sicherheit;https://www.bger.ch/ext/eurospider/live/fr/php/aza/http/index.php?highlight_docid=aza://12-03-2024-8C_35-2024&lang=fr&zoom=&type=show_document
FALSE;2024-03-28;9C_520/2023;Prévoyance professionnelle;https://www.bger.ch/ext/eurospider/live/fr/php/aza/http/index.php?highlight_docid=aza://13-03-2024-9C_520-2023&lang=fr&zoom=&type=show_document
FALSE;2024-03-28;4A_111/2024;Droit des contrats;https://www.bger.ch/ext/eurospider/live/fr/php/aza/http/index.php?highlight_docid=aza://14-03-2024-4A_111-2024&lang=fr&zoom=&type=show_document
FALSE;2024-03-28;5A_25/2024;Familienrecht;https://www.bger.ch/ext/eurospider/live/fr/php/aza/http/index.php?highlight_docid=aza://14-03-2024-5A_25-2024&lang=fr&zoom=&type=show_document
FALSE;2024-03-28;5A_46/2024;Schuldbetreibungs- und Konkursrecht;https://www.bger.ch/ext/eurospider/live/fr/php/aza/http/index.php?highlight_docid=aza://14-03-2024-5A_46-2024&lang=fr&zoom=&type=show_document
FALSE;2024-03-28;8C_147/2024;Invalidenversicherung;https://www.bger.ch/ext/eurospider/live/fr/php/aza/http/index.php?highlight_docid=aza://14-03-2024-8C_147-2024&lang=fr&zoom=&type=show_document
FALSE;2024-03-28;9C_106/2024;Öffentliche Finanzen & Abgaberecht;https://www.bger.ch/ext/eurospider/live/fr/php/aza/http/index.php?highlight_docid=aza://14-03-2024-9C_106-2024&lang=fr&zoom=&type=show_document
FALSE;2024-03-28;5A_177/2024;Familienrecht;https://www.bger.ch/ext/eurospider/live/fr/php/aza/http/index.php?highlight_docid=aza://15-03-2024-5A_177-2024&lang=fr&zoom=&type=show_document
FALSE;2024-03-28;5A_80/2024;Schuldbetreibungs- und Konkursrecht;https://www.bger.ch/ext/eurospider/live/fr/php/aza/http/index.php?highlight_docid=aza://18-03-2024-5A_80-2024&lang=fr&zoom=&type=show_document
FALSE;2024-03-28;9C_562/2023;Krankenversicherung;https://www.bger.ch/ext/eurospider/live/fr/php/aza/http/index.php?highlight_docid=aza://18-03-2024-9C_562-2023&lang=fr&zoom=&type=show_document
FALSE;2024-03-28;9C_148/2024;Finances publiques & droit fiscal;https://www.bger.ch/ext/eurospider/live/fr/php/aza/http/index.php?highlight_docid=aza://19-03-2024-9C_148-2024&lang=fr&zoom=&type=show_document
FALSE;2024-03-27;7B_909/2023;Strafprozess;https://www.bger.ch/ext/eurospider/live/fr/php/aza/http/index.php?highlight_docid=aza://13-02-2024-7B_909-2023&lang=fr&zoom=&type=show_document
FALSE;2024-03-27;2C_118/2023;Bürgerrecht und Ausländerrecht;https://www.bger.ch/ext/eurospider/live/fr/php/aza/http/index.php?highlight_docid=aza://20-02-2024-2C_118-2023&lang=fr&zoom=&type=show_document
FALSE;2024-03-27;4A_268/2023;Droit des contrats;https://www.bger.ch/ext/eurospider/live/fr/php/aza/http/index.php?highlight_docid=aza://20-02-2024-4A_268-2023&lang=fr&zoom=&type=show_document
FALSE;2024-03-27;4D_11/2024;Droit des poursuites et faillites;https://www.bger.ch/ext/eurospider/live/fr/php/aza/http/index.php?highlight_docid=aza://21-02-2024-4D_11-2024&lang=fr&zoom=&type=show_document
FALSE;2024-03-27;4D_13/2024;Droit des poursuites et faillites;https://www.bger.ch/ext/eurospider/live/fr/php/aza/http/index.php?highlight_docid=aza://21-02-2024-4D_13-2024&lang=fr&zoom=&type=show_document
FALSE;2024-03-27;2D_6/2023;Grundrecht;https://www.bger.ch/ext/eurospider/live/fr/php/aza/http/index.php?highlight_docid=aza://22-02-2024-2D_6-2023&lang=fr&zoom=&type=show_document
TRUE;2024-03-27;2C_87/2023;Droit fondamental*;https://www.bger.ch/ext/eurospider/live/fr/php/aza/http/index.php?highlight_docid=aza://23-02-2024-2C_87-2023&lang=fr&zoom=&type=show_document
FALSE;2024-03-27;5A_476/2023;Droit de la famille;https://www.bger.ch/ext/eurospider/live/fr/php/aza/http/index.php?highlight_docid=aza://28-02-2024-5A_476-2023&lang=fr&zoom=&type=show_document
FALSE;2024-03-27;4A_507/2023;Vertragsrecht;https://www.bger.ch/ext/eurospider/live/fr/php/aza/http/index.php?highlight_docid=aza://29-02-2024-4A_507-2023&lang=fr&zoom=&type=show_document
FALSE;2024-03-27;5A_338/2023;Droit de la famille;https://www.bger.ch/ext/eurospider/live/fr/php/aza/http/index.php?highlight_docid=aza://29-02-2024-5A_338-2023&lang=fr&zoom=&type=show_document
FALSE;2024-03-27;8C_545/2023;Ergänzungsleistung;https://www.bger.ch/ext/eurospider/live/fr/php/aza/http/index.php?highlight_docid=aza://29-02-2024-8C_545-2023&lang=fr&zoom=&type=show_document
FALSE;2024-03-27;5A_230/2023;Droit de la famille;https://www.bger.ch/ext/eurospider/live/fr/php/aza/http/index.php?highlight_docid=aza://01-03-2024-5A_230-2023&lang=fr&zoom=&type=show_document
FALSE;2024-03-27;1D_6/2023;Fonction publique;https://www.bger.ch/ext/eurospider/live/fr/php/aza/http/index.php?highlight_docid=aza://04-03-2024-1D_6-2023&lang=fr&zoom=&type=show_document
FALSE;2024-03-27;9C_130/2024;Finances publiques & droit fiscal;https://www.bger.ch/ext/eurospider/live/fr/php/aza/http/index.php?highlight_docid=aza://04-03-2024-9C_130-2024&lang=fr&zoom=&type=show_document
FALSE;2024-03-27;9C_95/2024;Alters- und Hinterlassenenversicherung;https://www.bger.ch/ext/eurospider/live/fr/php/aza/http/index.php?highlight_docid=aza://04-03-2024-9C_95-2024&lang=fr&zoom=&type=show_document
FALSE;2024-03-27;8C_719/2022;Invalidenversicherung;https://www.bger.ch/ext/eurospider/live/fr/php/aza/http/index.php?highlight_docid=aza://05-03-2024-8C_719-2022&lang=fr&zoom=&type=show_document
FALSE;2024-03-27;6F_4/2024;Strafprozess;https://www.bger.ch/ext/eurospider/live/fr/php/aza/http/index.php?highlight_docid=aza://06-03-2024-6F_4-2024&lang=fr&zoom=&type=show_document
FALSE;2024-03-27;8C_129/2024;Arbeitslosenversicherung;https://www.bger.ch/ext/eurospider/live/fr/php/aza/http/index.php?highlight_docid=aza://07-03-2024-8C_129-2024&lang=fr&zoom=&type=show_document
FALSE;2024-03-27;7B_1014/2023;Procédure pénale;https://www.bger.ch/ext/eurospider/live/fr/php/aza/http/index.php?highlight_docid=aza://08-03-2024-7B_1014-2023&lang=fr&zoom=&type=show_document
FALSE;2024-03-27;6B_121/2024;Straftaten;https://www.bger.ch/ext/eurospider/live/fr/php/aza/http/index.php?highlight_docid=aza://11-03-2024-6B_121-2024&lang=fr&zoom=&type=show_document
FALSE;2024-03-27;6B_134/2024;Straftaten;https://www.bger.ch/ext/eurospider/live/fr/php/aza/http/index.php?highlight_docid=aza://11-03-2024-6B_134-2024&lang=fr&zoom=&type=show_document
FALSE;2024-03-27;6B_188/2024;Strafprozess;https://www.bger.ch/ext/eurospider/live/fr/php/aza/http/index.php?highlight_docid=aza://11-03-2024-6B_188-2024&lang=fr&zoom=&type=show_document
FALSE;2024-03-27;2C_104/2024;Ökologisches Gleichgewicht;https://www.bger.ch/ext/eurospider/live/fr/php/aza/http/index.php?highlight_docid=aza://12-03-2024-2C_104-2024&lang=fr&zoom=&type=show_document
FALSE;2024-03-27;7B_183/2024;Procédure pénale;https://www.bger.ch/ext/eurospider/live/fr/php/aza/http/index.php?highlight_docid=aza://12-03-2024-7B_183-2024&lang=fr&zoom=&type=show_document
FALSE;2024-03-27;8F_3/2024;Arbeitslosenversicherung;https://www.bger.ch/ext/eurospider/live/fr/php/aza/http/index.php?highlight_docid=aza://12-03-2024-8F_3-2024&lang=fr&zoom=&type=show_document
FALSE;2024-03-27;9C_433/2023;Assurance-invalidité;https://www.bger.ch/ext/eurospider/live/fr/php/aza/http/index.php?highlight_docid=aza://12-03-2024-9C_433-2023&lang=fr&zoom=&type=show_document
FALSE;2024-03-27;5A_569/2023;Schuldbetreibungs- und Konkursrecht;https://www.bger.ch/ext/eurospider/live/fr/php/aza/http/index.php?highlight_docid=aza://13-03-2024-5A_569-2023&lang=fr&zoom=&type=show_document
FALSE;2024-03-27;5A_71/2024;Sachenrecht;https://www.bger.ch/ext/eurospider/live/fr/php/aza/http/index.php?highlight_docid=aza://13-03-2024-5A_71-2024&lang=fr&zoom=&type=show_document
FALSE;2024-03-27;6B_1237/2023;Droit pénal (en général);https://www.bger.ch/ext/eurospider/live/fr/php/aza/http/index.php?highlight_docid=aza://13-03-2024-6B_1237-2023&lang=fr&zoom=&type=show_document
FALSE;2024-03-27;8C_137/2024;Invalidenversicherung;https://www.bger.ch/ext/eurospider/live/fr/php/aza/http/index.php?highlight_docid=aza://13-03-2024-8C_137-2024&lang=fr&zoom=&type=show_document
FALSE;2024-03-27;8C_612/2023;Assurance-accidents;https://www.bger.ch/ext/eurospider/live/fr/php/aza/http/index.php?highlight_docid=aza://13-03-2024-8C_612-2023&lang=fr&zoom=&type=show_document
FALSE;2024-03-27;2C_143/2024;Verwaltungsverfahren;https://www.bger.ch/ext/eurospider/live/fr/php/aza/http/index.php?highlight_docid=aza://14-03-2024-2C_143-2024&lang=fr&zoom=&type=show_document
FALSE;2024-03-27;7B_234/2024;Procédure pénale;https://www.bger.ch/ext/eurospider/live/fr/php/aza/http/index.php?highlight_docid=aza://14-03-2024-7B_234-2024&lang=fr&zoom=&type=show_document
FALSE;2024-03-27;9C_36/2024;Assurance-invalidité;https://www.bger.ch/ext/eurospider/live/fr/php/aza/http/index.php?highlight_docid=aza://14-03-2024-9C_36-2024&lang=fr&zoom=&type=show_document
FALSE;2024-03-27;9C_752/2023;Assurance-invalidité;https://www.bger.ch/ext/eurospider/live/fr/php/aza/http/index.php?highlight_docid=aza://14-03-2024-9C_752-2023&lang=fr&zoom=&type=show_document
FALSE;2024-03-27;5A_43/2024;Schuldbetreibungs- und Konkursrecht;https://www.bger.ch/ext/eurospider/live/fr/php/aza/http/index.php?highlight_docid=aza://15-03-2024-5A_43-2024&lang=fr&zoom=&type=show_document
FALSE;2024-03-27;5A_75/2024;Schuldbetreibungs- und Konkursrecht;https://www.bger.ch/ext/eurospider/live/fr/php/aza/http/index.php?highlight_docid=aza://15-03-2024-5A_75-2024&lang=fr&zoom=&type=show_document
FALSE;2024-03-27;6B_168/2023;Infractions;https://www.bger.ch/ext/eurospider/live/fr/php/aza/http/index.php?highlight_docid=aza://15-03-2024-6B_168-2023&lang=fr&zoom=&type=show_document
FALSE;2024-03-27;6B_183/2023;Infractions;https://www.bger.ch/ext/eurospider/live/fr/php/aza/http/index.php?highlight_docid=aza://15-03-2024-6B_183-2023&lang=fr&zoom=&type=show_document
FALSE;2024-03-27;5A_180/2024;Schuldbetreibungs- und Konkursrecht;https://www.bger.ch/ext/eurospider/live/fr/php/aza/http/index.php?highlight_docid=aza://18-03-2024-5A_180-2024&lang=fr&zoom=&type=show_document
FALSE;2024-03-27;6F_6/2024;Strafprozess;https://www.bger.ch/ext/eurospider/live/fr/php/aza/http/index.php?highlight_docid=aza://18-03-2024-6F_6-2024&lang=fr&zoom=&type=show_document
FALSE;2024-03-26;7B_945/2023;Zuständigkeitsfragen, Garantie des Wohnsitzrichters und des verfassungsmässigen Richters;https://www.bger.ch/ext/eurospider/live/fr/php/aza/http/index.php?highlight_docid=aza://05-02-2024-7B_945-2023&lang=fr&zoom=&type=show_document
FALSE;2024-03-26;7B_1018/2023;Strafprozess;https://www.bger.ch/ext/eurospider/live/fr/php/aza/http/index.php?highlight_docid=aza://07-02-2024-7B_1018-2023&lang=fr&zoom=&type=show_document
FALSE;2024-03-26;7B_755/2023;Straf- und Massnahmenvollzug;https://www.bger.ch/ext/eurospider/live/fr/php/aza/http/index.php?highlight_docid=aza://08-02-2024-7B_755-2023&lang=fr&zoom=&type=show_document
FALSE;2024-03-26;7B_221/2022;Straftaten;https://www.bger.ch/ext/eurospider/live/fr/php/aza/http/index.php?highlight_docid=aza://09-02-2024-7B_221-2022&lang=fr&zoom=&type=show_document
FALSE;2024-03-26;6B_1006/2023;Droit pénal (en général);https://www.bger.ch/ext/eurospider/live/fr/php/aza/http/index.php?highlight_docid=aza://16-02-2024-6B_1006-2023&lang=fr&zoom=&type=show_document
FALSE;2024-03-26;7B_295/2023;Strafrecht (allgemein);https://www.bger.ch/ext/eurospider/live/fr/php/aza/http/index.php?highlight_docid=aza://16-02-2024-7B_295-2023&lang=fr&zoom=&type=show_document
FALSE;2024-03-26;4A_86/2023;Procédure civile;https://www.bger.ch/ext/eurospider/live/fr/php/aza/http/index.php?highlight_docid=aza://20-02-2024-4A_86-2023&lang=fr&zoom=&type=show_document
FALSE;2024-03-26;9C_734/2023;Öffentliche Finanzen & Abgaberecht;https://www.bger.ch/ext/eurospider/live/fr/php/aza/http/index.php?highlight_docid=aza://21-02-2024-9C_734-2023&lang=fr&zoom=&type=show_document
FALSE;2024-03-26;9C_735/2023;Öffentliche Finanzen & Abgaberecht;https://www.bger.ch/ext/eurospider/live/fr/php/aza/http/index.php?highlight_docid=aza://21-02-2024-9C_735-2023&lang=fr&zoom=&type=show_document
FALSE;2024-03-26;1C_99/2024;Aménagement du territoire et droit public des constructions;https://www.bger.ch/ext/eurospider/live/fr/php/aza/http/index.php?highlight_docid=aza://01-03-2024-1C_99-2024&lang=fr&zoom=&type=show_document
FALSE;2024-03-26;8C_80/2024;Invalidenversicherung;https://www.bger.ch/ext/eurospider/live/fr/php/aza/http/index.php?highlight_docid=aza://01-03-2024-8C_80-2024&lang=fr&zoom=&type=show_document
FALSE;2024-03-26;7B_43/2024;Procédure pénale;https://www.bger.ch/ext/eurospider/live/fr/php/aza/http/index.php?highlight_docid=aza://04-03-2024-7B_43-2024&lang=fr&zoom=&type=show_document
FALSE;2024-03-26;9C_728/2023;Invalidenversicherung;https://www.bger.ch/ext/eurospider/live/fr/php/aza/http/index.php?highlight_docid=aza://04-03-2024-9C_728-2023&lang=fr&zoom=&type=show_document
FALSE;2024-03-26;8C_56/2024;Arbeitslosenversicherung;https://www.bger.ch/ext/eurospider/live/fr/php/aza/http/index.php?highlight_docid=aza://05-03-2024-8C_56-2024&lang=fr&zoom=&type=show_document
FALSE;2024-03-26;8C_58/2024;Arbeitslosenversicherung;https://www.bger.ch/ext/eurospider/live/fr/php/aza/http/index.php?highlight_docid=aza://05-03-2024-8C_58-2024&lang=fr&zoom=&type=show_document
FALSE;2024-03-26;9F_2/2024;Alters- und Hinterlassenenversicherung;https://www.bger.ch/ext/eurospider/live/fr/php/aza/http/index.php?highlight_docid=aza://05-03-2024-9F_2-2024&lang=fr&zoom=&type=show_document
FALSE;2024-03-26;5A_53/2024;Diritto di famiglia;https://www.bger.ch/ext/eurospider/live/fr/php/aza/http/index.php?highlight_docid=aza://06-03-2024-5A_53-2024&lang=fr&zoom=&type=show_document
FALSE;2024-03-26;5A_685/2023;Familienrecht;https://www.bger.ch/ext/eurospider/live/fr/php/aza/http/index.php?highlight_docid=aza://06-03-2024-5A_685-2023&lang=fr&zoom=&type=show_document
FALSE;2024-03-26;9C_118/2024;Assurance-vieillesse et survivants;https://www.bger.ch/ext/eurospider/live/fr/php/aza/http/index.php?highlight_docid=aza://07-03-2024-9C_118-2024&lang=fr&zoom=&type=show_document
FALSE;2024-03-26;6B_457/2023;Procédure pénale;https://www.bger.ch/ext/eurospider/live/fr/php/aza/http/index.php?highlight_docid=aza://11-03-2024-6B_457-2023&lang=fr&zoom=&type=show_document
FALSE;2024-03-26;6B_1009/2023;Infractions;https://www.bger.ch/ext/eurospider/live/fr/php/aza/http/index.php?highlight_docid=aza://12-03-2024-6B_1009-2023&lang=fr&zoom=&type=show_document
FALSE;2024-03-26;5A_163/2024;Familienrecht;https://www.bger.ch/ext/eurospider/live/fr/php/aza/http/index.php?highlight_docid=aza://13-03-2024-5A_163-2024&lang=fr&zoom=&type=show_document
FALSE;2024-03-26;9D_1/2024;Finances publiques & droit fiscal;https://www.bger.ch/ext/eurospider/live/fr/php/aza/http/index.php?highlight_docid=aza://14-03-2024-9D_1-2024&lang=fr&zoom=&type=show_document
FALSE;2024-03-26;7B_252/2024;Strafprozess;https://www.bger.ch/ext/eurospider/live/fr/php/aza/http/index.php?highlight_docid=aza://18-03-2024-7B_252-2024&lang=fr&zoom=&type=show_document
FALSE;2024-03-25;4A_548/2023;Vertragsrecht;https://www.bger.ch/ext/eurospider/live/fr/php/aza/http/index.php?highlight_docid=aza://14-02-2024-4A_548-2023&lang=fr&zoom=&type=show_document
FALSE;2024-03-25;5A_588/2023;Familienrecht;https://www.bger.ch/ext/eurospider/live/fr/php/aza/http/index.php?highlight_docid=aza://20-02-2024-5A_588-2023&lang=fr&zoom=&type=show_document
FALSE;2024-03-25;5A_784/2023;Familienrecht;https://www.bger.ch/ext/eurospider/live/fr/php/aza/http/index.php?highlight_docid=aza://20-02-2024-5A_784-2023&lang=fr&zoom=&type=show_document
FALSE;2024-03-25;5A_878/2023;Familienrecht;https://www.bger.ch/ext/eurospider/live/fr/php/aza/http/index.php?highlight_docid=aza://20-02-2024-5A_878-2023&lang=fr&zoom=&type=show_document
FALSE;2024-03-25;4A_402/2023;Vertragsrecht;https://www.bger.ch/ext/eurospider/live/fr/php/aza/http/index.php?highlight_docid=aza://26-02-2024-4A_402-2023&lang=fr&zoom=&type=show_document
FALSE;2024-03-25;4A_496/2023;Obligationenrecht (allgemein);https://www.bger.ch/ext/eurospider/live/fr/php/aza/http/index.php?highlight_docid=aza://27-02-2024-4A_496-2023&lang=fr&zoom=&type=show_document
FALSE;2024-03-25;9C_339/2023;Berufliche Vorsorge;https://www.bger.ch/ext/eurospider/live/fr/php/aza/http/index.php?highlight_docid=aza://28-02-2024-9C_339-2023&lang=fr&zoom=&type=show_document
FALSE;2024-03-25;9C_504/2023;Assurance-invalidité;https://www.bger.ch/ext/eurospider/live/fr/php/aza/http/index.php?highlight_docid=aza://28-02-2024-9C_504-2023&lang=fr&zoom=&type=show_document
FALSE;2024-03-25;2C_643/2022;Bürgerrecht und Ausländerrecht;https://www.bger.ch/ext/eurospider/live/fr/php/aza/http/index.php?highlight_docid=aza://29-02-2024-2C_643-2022&lang=fr&zoom=&type=show_document
FALSE;2024-03-25;9C_543/2023;Alters- und Hinterlassenenversicherung;https://www.bger.ch/ext/eurospider/live/fr/php/aza/http/index.php?highlight_docid=aza://29-02-2024-9C_543-2023&lang=fr&zoom=&type=show_document
FALSE;2024-03-25;9C_558/2023;Alters- und Hinterlassenenversicherung;https://www.bger.ch/ext/eurospider/live/fr/php/aza/http/index.php?highlight_docid=aza://29-02-2024-9C_558-2023&lang=fr&zoom=&type=show_document
FALSE;2024-03-25;8C_107/2024;Invalidenversicherung;https://www.bger.ch/ext/eurospider/live/fr/php/aza/http/index.php?highlight_docid=aza://01-03-2024-8C_107-2024&lang=fr&zoom=&type=show_document
FALSE;2024-03-25;4A_48/2024;Vertragsrecht;https://www.bger.ch/ext/eurospider/live/fr/php/aza/http/index.php?highlight_docid=aza://04-03-2024-4A_48-2024&lang=fr&zoom=&type=show_document
FALSE;2024-03-25;4A_118/2024;Vertragsrecht;https://www.bger.ch/ext/eurospider/live/fr/php/aza/http/index.php?highlight_docid=aza://06-03-2024-4A_118-2024&lang=fr&zoom=&type=show_document
FALSE;2024-03-25;2C_272/2022;Cittadinanza e diritto degli stranieri;https://www.bger.ch/ext/eurospider/live/fr/php/aza/http/index.php?highlight_docid=aza://07-03-2024-2C_272-2022&lang=fr&zoom=&type=show_document
FALSE;2024-03-25;8C_398/2023;Invalidenversicherung;https://www.bger.ch/ext/eurospider/live/fr/php/aza/http/index.php?highlight_docid=aza://07-03-2024-8C_398-2023&lang=fr&zoom=&type=show_document
FALSE;2024-03-25;5A_162/2024;Familienrecht;https://www.bger.ch/ext/eurospider/live/fr/php/aza/http/index.php?highlight_docid=aza://08-03-2024-5A_162-2024&lang=fr&zoom=&type=show_document
FALSE;2024-03-25;5A_198/2023;Sachenrecht;https://www.bger.ch/ext/eurospider/live/fr/php/aza/http/index.php?highlight_docid=aza://08-03-2024-5A_198-2023&lang=fr&zoom=&type=show_document
FALSE;2024-03-25;1C_613/2023;Diritti politici;https://www.bger.ch/ext/eurospider/live/fr/php/aza/http/index.php?highlight_docid=aza://12-03-2024-1C_613-2023&lang=fr&zoom=&type=show_document
FALSE;2024-03-25;5A_165/2024;Familienrecht;https://www.bger.ch/ext/eurospider/live/fr/php/aza/http/index.php?highlight_docid=aza://13-03-2024-5A_165-2024&lang=fr&zoom=&type=show_document
FALSE;2024-03-25;5A_166/2024;Schuldbetreibungs- und Konkursrecht;https://www.bger.ch/ext/eurospider/live/fr/php/aza/http/index.php?highlight_docid=aza://14-03-2024-5A_166-2024&lang=fr&zoom=&type=show_document
FALSE;2024-03-22;7B_249/2022;Straftaten;https://www.bger.ch/ext/eurospider/live/fr/php/aza/http/index.php?highlight_docid=aza://18-01-2024-7B_249-2022&lang=fr&zoom=&type=show_document
FALSE;2024-03-22;7B_62/2024;Strafprozess;https://www.bger.ch/ext/eurospider/live/fr/php/aza/http/index.php?highlight_docid=aza://25-01-2024-7B_62-2024&lang=fr&zoom=&type=show_document
FALSE;2024-03-22;7B_400/2023;Strafprozess;https://www.bger.ch/ext/eurospider/live/fr/php/aza/http/index.php?highlight_docid=aza://29-01-2024-7B_400-2023&lang=fr&zoom=&type=show_document
FALSE;2024-03-22;7F_2/2024;Strafprozess;https://www.bger.ch/ext/eurospider/live/fr/php/aza/http/index.php?highlight_docid=aza://09-02-2024-7F_2-2024&lang=fr&zoom=&type=show_document
FALSE;2024-03-22;7B_226/2022;Straftaten;https://www.bger.ch/ext/eurospider/live/fr/php/aza/http/index.php?highlight_docid=aza://14-02-2024-7B_226-2022&lang=fr&zoom=&type=show_document
FALSE;2024-03-22;7B_7/2024;Strafprozess;https://www.bger.ch/ext/eurospider/live/fr/php/aza/http/index.php?highlight_docid=aza://15-02-2024-7B_7-2024&lang=fr&zoom=&type=show_document
FALSE;2024-03-22;1C_577/2022;Strassenbau und Strassenverkehr;https://www.bger.ch/ext/eurospider/live/fr/php/aza/http/index.php?highlight_docid=aza://19-02-2024-1C_577-2022&lang=fr&zoom=&type=show_document
FALSE;2024-03-22;2C_319/2023;Bürgerrecht und Ausländerrecht;https://www.bger.ch/ext/eurospider/live/fr/php/aza/http/index.php?highlight_docid=aza://23-02-2024-2C_319-2023&lang=fr&zoom=&type=show_document
FALSE;2024-03-22;8C_284/2023;Invalidenversicherung;https://www.bger.ch/ext/eurospider/live/fr/php/aza/http/index.php?highlight_docid=aza://28-02-2024-8C_284-2023&lang=fr&zoom=&type=show_document
FALSE;2024-03-22;8C_94/2024;Invalidenversicherung;https://www.bger.ch/ext/eurospider/live/fr/php/aza/http/index.php?highlight_docid=aza://01-03-2024-8C_94-2024&lang=fr&zoom=&type=show_document
FALSE;2024-03-22;4A_570/2023;Droit des contrats;https://www.bger.ch/ext/eurospider/live/fr/php/aza/http/index.php?highlight_docid=aza://04-03-2024-4A_570-2023&lang=fr&zoom=&type=show_document
FALSE;2024-03-22;9C_125/2024;Öffentliche Finanzen & Abgaberecht;https://www.bger.ch/ext/eurospider/live/fr/php/aza/http/index.php?highlight_docid=aza://04-03-2024-9C_125-2024&lang=fr&zoom=&type=show_document
FALSE;2024-03-22;9C_732/2023;Finances publiques & droit fiscal;https://www.bger.ch/ext/eurospider/live/fr/php/aza/http/index.php?highlight_docid=aza://04-03-2024-9C_732-2023&lang=fr&zoom=&type=show_document
FALSE;2024-03-22;8C_195/2023;Invalidenversicherung;https://www.bger.ch/ext/eurospider/live/fr/php/aza/http/index.php?highlight_docid=aza://05-03-2024-8C_195-2023&lang=fr&zoom=&type=show_document
FALSE;2024-03-22;8C_31/2024;Assegni familiari e assicurazione sociale cantonale;https://www.bger.ch/ext/eurospider/live/fr/php/aza/http/index.php?highlight_docid=aza://05-03-2024-8C_31-2024&lang=fr&zoom=&type=show_document
FALSE;2024-03-22;1C_136/2024;Aménagement du territoire et droit public des constructions;https://www.bger.ch/ext/eurospider/live/fr/php/aza/http/index.php?highlight_docid=aza://06-03-2024-1C_136-2024&lang=fr&zoom=&type=show_document
FALSE;2024-03-22;5A_561/2023;Sachenrecht;https://www.bger.ch/ext/eurospider/live/fr/php/aza/http/index.php?highlight_docid=aza://06-03-2024-5A_561-2023&lang=fr&zoom=&type=show_document
FALSE;2024-03-22;5A_578/2023;Sachenrecht;https://www.bger.ch/ext/eurospider/live/fr/php/aza/http/index.php?highlight_docid=aza://06-03-2024-5A_578-2023&lang=fr&zoom=&type=show_document
FALSE;2024-03-22;8C_131/2024;Invalidenversicherung;https://www.bger.ch/ext/eurospider/live/fr/php/aza/http/index.php?highlight_docid=aza://06-03-2024-8C_131-2024&lang=fr&zoom=&type=show_document
FALSE;2024-03-22;8C_113/2024;Ergänzungsleistung;https://www.bger.ch/ext/eurospider/live/fr/php/aza/http/index.php?highlight_docid=aza://07-03-2024-8C_113-2024&lang=fr&zoom=&type=show_document
FALSE;2024-03-22;8C_44/2024;Assurance-chômage;https://www.bger.ch/ext/eurospider/live/fr/php/aza/http/index.php?highlight_docid=aza://07-03-2024-8C_44-2024&lang=fr&zoom=&type=show_document
FALSE;2024-03-22;8C_563/2023;Invalidenversicherung;https://www.bger.ch/ext/eurospider/live/fr/php/aza/http/index.php?highlight_docid=aza://07-03-2024-8C_563-2023&lang=fr&zoom=&type=show_document
FALSE;2024-03-22;1F_5/2023;Aménagement du territoire et droit public des constructions;https://www.bger.ch/ext/eurospider/live/fr/php/aza/http/index.php?highlight_docid=aza://08-03-2024-1F_5-2023&lang=fr&zoom=&type=show_document
FALSE;2024-03-22;4A_114/2024;Schuldbetreibungs- und Konkursrecht;https://www.bger.ch/ext/eurospider/live/fr/php/aza/http/index.php?highlight_docid=aza://08-03-2024-4A_114-2024&lang=fr&zoom=&type=show_document
FALSE;2024-03-22;6B_114/2024;Strafprozess;https://www.bger.ch/ext/eurospider/live/fr/php/aza/http/index.php?highlight_docid=aza://08-03-2024-6B_114-2024&lang=fr&zoom=&type=show_document
FALSE;2024-03-22;6B_1382/2023;Straftaten;https://www.bger.ch/ext/eurospider/live/fr/php/aza/http/index.php?highlight_docid=aza://08-03-2024-6B_1382-2023&lang=fr&zoom=&type=show_document
FALSE;2024-03-22;6B_1384/2023;Straftaten;https://www.bger.ch/ext/eurospider/live/fr/php/aza/http/index.php?highlight_docid=aza://08-03-2024-6B_1384-2023&lang=fr&zoom=&type=show_document
FALSE;2024-03-22;7B_200/2024;Strafprozess;https://www.bger.ch/ext/eurospider/live/fr/php/aza/http/index.php?highlight_docid=aza://08-03-2024-7B_200-2024&lang=fr&zoom=&type=show_document
FALSE;2024-03-22;9C_509/2023;Berufliche Vorsorge;https://www.bger.ch/ext/eurospider/live/fr/php/aza/http/index.php?highlight_docid=aza://12-03-2024-9C_509-2023&lang=fr&zoom=&type=show_document
FALSE;2024-03-22;1C_149/2024;Rechtshilfe und Auslieferung;https://www.bger.ch/ext/eurospider/live/fr/php/aza/http/index.php?highlight_docid=aza://14-03-2024-1C_149-2024&lang=fr&zoom=&type=show_document
FALSE;2024-03-22;2C_145/2024;Bürgerrecht und Ausländerrecht;https://www.bger.ch/ext/eurospider/live/fr/php/aza/http/index.php?highlight_docid=aza://14-03-2024-2C_145-2024&lang=fr&zoom=&type=show_document
FALSE;2024-03-21;6B_14/2023;Infractions;https://www.bger.ch/ext/eurospider/live/fr/php/aza/http/index.php?highlight_docid=aza://05-02-2024-6B_14-2023&lang=fr&zoom=&type=show_document
FALSE;2024-03-21;6B_1486/2022;Infractions;https://www.bger.ch/ext/eurospider/live/fr/php/aza/http/index.php?highlight_docid=aza://05-02-2024-6B_1486-2022&lang=fr&zoom=&type=show_document
FALSE;2024-03-21;7F_8/2023;Strafprozess;https://www.bger.ch/ext/eurospider/live/fr/php/aza/http/index.php?highlight_docid=aza://08-02-2024-7F_8-2023&lang=fr&zoom=&type=show_document
FALSE;2024-03-21;7F_9/2023;Strafprozess;https://www.bger.ch/ext/eurospider/live/fr/php/aza/http/index.php?highlight_docid=aza://08-02-2024-7F_9-2023&lang=fr&zoom=&type=show_document
FALSE;2024-03-21;7B_130/2023;Strafrecht (allgemein);https://www.bger.ch/ext/eurospider/live/fr/php/aza/http/index.php?highlight_docid=aza://09-02-2024-7B_130-2023&lang=fr&zoom=&type=show_document
FALSE;2024-03-21;7B_1017/2023;Strafprozess;https://www.bger.ch/ext/eurospider/live/fr/php/aza/http/index.php?highlight_docid=aza://13-02-2024-7B_1017-2023&lang=fr&zoom=&type=show_document
FALSE;2024-03-21;8C_236/2023;Assurance-accidents;https://www.bger.ch/ext/eurospider/live/fr/php/aza/http/index.php?highlight_docid=aza://22-02-2024-8C_236-2023&lang=fr&zoom=&type=show_document
FALSE;2024-03-21;7B_573/2023;Procédure pénale;https://www.bger.ch/ext/eurospider/live/fr/php/aza/http/index.php?highlight_docid=aza://26-02-2024-7B_573-2023&lang=fr&zoom=&type=show_document
FALSE;2024-03-21;7B_79/2023;Procédure pénale;https://www.bger.ch/ext/eurospider/live/fr/php/aza/http/index.php?highlight_docid=aza://27-02-2024-7B_79-2023&lang=fr&zoom=&type=show_document
FALSE;2024-03-21;2C_520/2023;Finances publiques & droit fiscal;https://www.bger.ch/ext/eurospider/live/fr/php/aza/http/index.php?highlight_docid=aza://28-02-2024-2C_520-2023&lang=fr&zoom=&type=show_document
FALSE;2024-03-21;9C_444/2023;Invalidenversicherung;https://www.bger.ch/ext/eurospider/live/fr/php/aza/http/index.php?highlight_docid=aza://28-02-2024-9C_444-2023&lang=fr&zoom=&type=show_document
FALSE;2024-03-21;9C_20/2023;Finances publiques & droit fiscal;https://www.bger.ch/ext/eurospider/live/fr/php/aza/http/index.php?highlight_docid=aza://29-02-2024-9C_20-2023&lang=fr&zoom=&type=show_document
FALSE;2024-03-21;8C_39/2024;Unfallversicherung;https://www.bger.ch/ext/eurospider/live/fr/php/aza/http/index.php?highlight_docid=aza://01-03-2024-8C_39-2024&lang=fr&zoom=&type=show_document
FALSE;2024-03-21;6B_934/2023;Straftaten;https://www.bger.ch/ext/eurospider/live/fr/php/aza/http/index.php?highlight_docid=aza://04-03-2024-6B_934-2023&lang=fr&zoom=&type=show_document
FALSE;2024-03-21;7B_184/2024;Strafprozess;https://www.bger.ch/ext/eurospider/live/fr/php/aza/http/index.php?highlight_docid=aza://04-03-2024-7B_184-2024&lang=fr&zoom=&type=show_document
FALSE;2024-03-21;8C_25/2024;Assurance-chômage;https://www.bger.ch/ext/eurospider/live/fr/php/aza/http/index.php?highlight_docid=aza://04-03-2024-8C_25-2024&lang=fr&zoom=&type=show_document
FALSE;2024-03-21;8C_131/2023;Invalidenversicherung;https://www.bger.ch/ext/eurospider/live/fr/php/aza/http/index.php?highlight_docid=aza://06-03-2024-8C_131-2023&lang=fr&zoom=&type=show_document
FALSE;2024-03-21;8C_225/2023;Assurance-chômage;https://www.bger.ch/ext/eurospider/live/fr/php/aza/http/index.php?highlight_docid=aza://06-03-2024-8C_225-2023&lang=fr&zoom=&type=show_document
FALSE;2024-03-21;6B_36/2024;Procédure pénale;https://www.bger.ch/ext/eurospider/live/fr/php/aza/http/index.php?highlight_docid=aza://07-03-2024-6B_36-2024&lang=fr&zoom=&type=show_document
FALSE;2024-03-21;7B_203/2024;Strafprozess;https://www.bger.ch/ext/eurospider/live/fr/php/aza/http/index.php?highlight_docid=aza://11-03-2024-7B_203-2024&lang=fr&zoom=&type=show_document
FALSE;2024-03-21;7B_190/2024;Strafprozess;https://www.bger.ch/ext/eurospider/live/fr/php/aza/http/index.php?highlight_docid=aza://12-03-2024-7B_190-2024&lang=fr&zoom=&type=show_document
FALSE;2024-03-21;7B_208/2024;Strafprozess;https://www.bger.ch/ext/eurospider/live/fr/php/aza/http/index.php?highlight_docid=aza://12-03-2024-7B_208-2024&lang=fr&zoom=&type=show_document
FALSE;2024-03-20;5A_666/2023;Droit des poursuites et faillites;https://www.bger.ch/ext/eurospider/live/fr/php/aza/http/index.php?highlight_docid=aza://25-01-2024-5A_666-2023&lang=fr&zoom=&type=show_document
FALSE;2024-03-20;7B_898/2023;Strafprozess;https://www.bger.ch/ext/eurospider/live/fr/php/aza/http/index.php?highlight_docid=aza://29-01-2024-7B_898-2023&lang=fr&zoom=&type=show_document
FALSE;2024-03-20;7B_240/2022;Straftaten;https://www.bger.ch/ext/eurospider/live/fr/php/aza/http/index.php?highlight_docid=aza://01-02-2024-7B_240-2022&lang=fr&zoom=&type=show_document
FALSE;2024-03-20;7B_252/2022;Straftaten;https://www.bger.ch/ext/eurospider/live/fr/php/aza/http/index.php?highlight_docid=aza://02-02-2024-7B_252-2022&lang=fr&zoom=&type=show_document
FALSE;2024-03-20;7B_972/2023;Strafprozess;https://www.bger.ch/ext/eurospider/live/fr/php/aza/http/index.php?highlight_docid=aza://05-02-2024-7B_972-2023&lang=fr&zoom=&type=show_document
FALSE;2024-03-20;1C_458/2022;Aménagement du territoire et droit public des constructions;https://www.bger.ch/ext/eurospider/live/fr/php/aza/http/index.php?highlight_docid=aza://12-02-2024-1C_458-2022&lang=fr&zoom=&type=show_document
FALSE;2024-03-20;4A_517/2023;Vertragsrecht;https://www.bger.ch/ext/eurospider/live/fr/php/aza/http/index.php?highlight_docid=aza://13-02-2024-4A_517-2023&lang=fr&zoom=&type=show_document
FALSE;2024-03-20;9C_755/2023;Invalidenversicherung;https://www.bger.ch/ext/eurospider/live/fr/php/aza/http/index.php?highlight_docid=aza://20-02-2024-9C_755-2023&lang=fr&zoom=&type=show_document
FALSE;2024-03-20;8C_352/2023;Arbeitslosenversicherung;https://www.bger.ch/ext/eurospider/live/fr/php/aza/http/index.php?highlight_docid=aza://23-02-2024-8C_352-2023&lang=fr&zoom=&type=show_document
FALSE;2024-03-20;8C_512/2023;Militärversicherung;https://www.bger.ch/ext/eurospider/live/fr/php/aza/http/index.php?highlight_docid=aza://23-02-2024-8C_512-2023&lang=fr&zoom=&type=show_document
FALSE;2024-03-20;7B_106/2024;Procédure pénale;https://www.bger.ch/ext/eurospider/live/fr/php/aza/http/index.php?highlight_docid=aza://28-02-2024-7B_106-2024&lang=fr&zoom=&type=show_document
FALSE;2024-03-20;7B_222/2024;Procédure pénale;https://www.bger.ch/ext/eurospider/live/fr/php/aza/http/index.php?highlight_docid=aza://28-02-2024-7B_222-2024&lang=fr&zoom=&type=show_document
FALSE;2024-03-20;7B_83/2024;Procédure pénale;https://www.bger.ch/ext/eurospider/live/fr/php/aza/http/index.php?highlight_docid=aza://28-02-2024-7B_83-2024&lang=fr&zoom=&type=show_document
FALSE;2024-03-20;8C_520/2023;Assurance-invalidité;https://www.bger.ch/ext/eurospider/live/fr/php/aza/http/index.php?highlight_docid=aza://28-02-2024-8C_520-2023&lang=fr&zoom=&type=show_document
FALSE;2024-03-20;8C_717/2023;Invalidenversicherung;https://www.bger.ch/ext/eurospider/live/fr/php/aza/http/index.php?highlight_docid=aza://28-02-2024-8C_717-2023&lang=fr&zoom=&type=show_document
FALSE;2024-03-20;9C_103/2024;Finances publiques & droit fiscal;https://www.bger.ch/ext/eurospider/live/fr/php/aza/http/index.php?highlight_docid=aza://28-02-2024-9C_103-2024&lang=fr&zoom=&type=show_document
FALSE;2024-03-20;8C_305/2023;Assurance-invalidité;https://www.bger.ch/ext/eurospider/live/fr/php/aza/http/index.php?highlight_docid=aza://29-02-2024-8C_305-2023&lang=fr&zoom=&type=show_document
FALSE;2024-03-20;8C_539/2023;Assurance-invalidité;https://www.bger.ch/ext/eurospider/live/fr/php/aza/http/index.php?highlight_docid=aza://29-02-2024-8C_539-2023&lang=fr&zoom=&type=show_document
FALSE;2024-03-20;6B_841/2023;Infrazione;https://www.bger.ch/ext/eurospider/live/fr/php/aza/http/index.php?highlight_docid=aza://04-03-2024-6B_841-2023&lang=fr&zoom=&type=show_document
FALSE;2024-03-20;7B_46/2024;Questions de compétences, garantie du juge du domicile et du juge naturel;https://www.bger.ch/ext/eurospider/live/fr/php/aza/http/index.php?highlight_docid=aza://06-03-2024-7B_46-2024&lang=fr&zoom=&type=show_document
TRUE;2024-03-20;8C_166/2023;Invalidenversicherung*;https://www.bger.ch/ext/eurospider/live/fr/php/aza/http/index.php?highlight_docid=aza://06-03-2024-8C_166-2023&lang=fr&zoom=&type=show_document
TRUE;2024-03-20;1C_543/2023;Rechtshilfe und Auslieferung*;https://www.bger.ch/ext/eurospider/live/fr/php/aza/http/index.php?highlight_docid=aza://07-03-2024-1C_543-2023&lang=fr&zoom=&type=show_document
FALSE;2024-03-19;7B_799/2023;Strafrecht (allgemein);https://www.bger.ch/ext/eurospider/live/fr/php/aza/http/index.php?highlight_docid=aza://30-01-2024-7B_799-2023&lang=fr&zoom=&type=show_document
FALSE;2024-03-19;7B_983/2023;Strafprozess;https://www.bger.ch/ext/eurospider/live/fr/php/aza/http/index.php?highlight_docid=aza://30-01-2024-7B_983-2023&lang=fr&zoom=&type=show_document
FALSE;2024-03-19;7B_615/2023;Strafprozess;https://www.bger.ch/ext/eurospider/live/fr/php/aza/http/index.php?highlight_docid=aza://19-02-2024-7B_615-2023&lang=fr&zoom=&type=show_document
FALSE;2024-03-19;9C_7/2024;Öffentliche Finanzen & Abgaberecht;https://www.bger.ch/ext/eurospider/live/fr/php/aza/http/index.php?highlight_docid=aza://19-02-2024-9C_7-2024&lang=fr&zoom=&type=show_document
FALSE;2024-03-19;6B_449/2023;Strafrecht (allgemein);https://www.bger.ch/ext/eurospider/live/fr/php/aza/http/index.php?highlight_docid=aza://21-02-2024-6B_449-2023&lang=fr&zoom=&type=show_document
FALSE;2024-03-19;8C_496/2023;Unfallversicherung;https://www.bger.ch/ext/eurospider/live/fr/php/aza/http/index.php?highlight_docid=aza://22-02-2024-8C_496-2023&lang=fr&zoom=&type=show_document
FALSE;2024-03-19;1C_268/2023;Aménagement du territoire et droit public des constructions;https://www.bger.ch/ext/eurospider/live/fr/php/aza/http/index.php?highlight_docid=aza://23-02-2024-1C_268-2023&lang=fr&zoom=&type=show_document
FALSE;2024-03-19;4A_644/2023;Diritto delle esecuzioni e del fallimento;https://www.bger.ch/ext/eurospider/live/fr/php/aza/http/index.php?highlight_docid=aza://28-02-2024-4A_644-2023&lang=fr&zoom=&type=show_document
FALSE;2024-03-19;8C_534/2023;Invalidenversicherung;https://www.bger.ch/ext/eurospider/live/fr/php/aza/http/index.php?highlight_docid=aza://29-02-2024-8C_534-2023&lang=fr&zoom=&type=show_document
FALSE;2024-03-19;8C_571/2023;Invalidenversicherung;https://www.bger.ch/ext/eurospider/live/fr/php/aza/http/index.php?highlight_docid=aza://29-02-2024-8C_571-2023&lang=fr&zoom=&type=show_document
FALSE;2024-03-19;4D_19/2024;Diritto contrattuale;https://www.bger.ch/ext/eurospider/live/fr/php/aza/http/index.php?highlight_docid=aza://04-03-2024-4D_19-2024&lang=fr&zoom=&type=show_document
FALSE;2024-03-19;9C_551/2022;Invalidenversicherung;https://www.bger.ch/ext/eurospider/live/fr/php/aza/http/index.php?highlight_docid=aza://04-03-2024-9C_551-2022&lang=fr&zoom=&type=show_document
FALSE;2024-03-19;6B_18/2024;Strafrecht (allgemein);https://www.bger.ch/ext/eurospider/live/fr/php/aza/http/index.php?highlight_docid=aza://05-03-2024-6B_18-2024&lang=fr&zoom=&type=show_document
FALSE;2024-03-19;8C_111/2024;Familienzulagen und kantonale Sozialversicherung;https://www.bger.ch/ext/eurospider/live/fr/php/aza/http/index.php?highlight_docid=aza://05-03-2024-8C_111-2024&lang=fr&zoom=&type=show_document
FALSE;2024-03-18;7B_728/2023;Strafrecht (allgemein);https://www.bger.ch/ext/eurospider/live/fr/php/aza/http/index.php?highlight_docid=aza://30-01-2024-7B_728-2023&lang=fr&zoom=&type=show_document
FALSE;2024-03-18;7B_938/2023;Zuständigkeitsfragen, Garantie des Wohnsitzrichters und des verfassungsmässigen Richters;https://www.bger.ch/ext/eurospider/live/fr/php/aza/http/index.php?highlight_docid=aza://31-01-2024-7B_938-2023&lang=fr&zoom=&type=show_document
FALSE;2024-03-18;4A_477/2022;Droit des contrats;https://www.bger.ch/ext/eurospider/live/fr/php/aza/http/index.php?highlight_docid=aza://06-02-2024-4A_477-2022&lang=fr&zoom=&type=show_document
FALSE;2024-03-18;4A_191/2023;Droit des contrats;https://www.bger.ch/ext/eurospider/live/fr/php/aza/http/index.php?highlight_docid=aza://13-02-2024-4A_191-2023&lang=fr&zoom=&type=show_document
FALSE;2024-03-18;9C_290/2023;Öffentliche Finanzen & Abgaberecht;https://www.bger.ch/ext/eurospider/live/fr/php/aza/http/index.php?highlight_docid=aza://13-02-2024-9C_290-2023&lang=fr&zoom=&type=show_document
FALSE;2024-03-18;9C_437/2023;Berufliche Vorsorge;https://www.bger.ch/ext/eurospider/live/fr/php/aza/http/index.php?highlight_docid=aza://13-02-2024-9C_437-2023&lang=fr&zoom=&type=show_document
FALSE;2024-03-18;4D_10/2024;Droit des poursuites et faillites;https://www.bger.ch/ext/eurospider/live/fr/php/aza/http/index.php?highlight_docid=aza://15-02-2024-4D_10-2024&lang=fr&zoom=&type=show_document
FALSE;2024-03-18;9C_304/2023;Finances publiques & droit fiscal;https://www.bger.ch/ext/eurospider/live/fr/php/aza/http/index.php?highlight_docid=aza://21-02-2024-9C_304-2023&lang=fr&zoom=&type=show_document
FALSE;2024-03-18;7B_35/2022;Procédure pénale;https://www.bger.ch/ext/eurospider/live/fr/php/aza/http/index.php?highlight_docid=aza://22-02-2024-7B_35-2022&lang=fr&zoom=&type=show_document
FALSE;2024-03-18;5A_881/2023;Droit de la famille;https://www.bger.ch/ext/eurospider/live/fr/php/aza/http/index.php?highlight_docid=aza://23-02-2024-5A_881-2023&lang=fr&zoom=&type=show_document
FALSE;2024-03-18;1C_144/2021;Aménagement du territoire et droit public des constructions;https://www.bger.ch/ext/eurospider/live/fr/php/aza/http/index.php?highlight_docid=aza://26-02-2024-1C_144-2021&lang=fr&zoom=&type=show_document
FALSE;2024-03-18;9C_704/2023;Finanze pubbliche & diritto tributario;https://www.bger.ch/ext/eurospider/live/fr/php/aza/http/index.php?highlight_docid=aza://26-02-2024-9C_704-2023&lang=fr&zoom=&type=show_document
FALSE;2024-03-18;9C_91/2024;Assicurazione contro le malattie;https://www.bger.ch/ext/eurospider/live/fr/php/aza/http/index.php?highlight_docid=aza://26-02-2024-9C_91-2024&lang=fr&zoom=&type=show_document
FALSE;2024-03-18;8C_22/2024;Prestazione complementari;https://www.bger.ch/ext/eurospider/live/fr/php/aza/http/index.php?highlight_docid=aza://28-02-2024-8C_22-2024&lang=fr&zoom=&type=show_document
FALSE;2024-03-18;8C_53/2024;Assurance-chômage;https://www.bger.ch/ext/eurospider/live/fr/php/aza/http/index.php?highlight_docid=aza://28-02-2024-8C_53-2024&lang=fr&zoom=&type=show_document
FALSE;2024-03-18;8C_615/2023;Unfallversicherung;https://www.bger.ch/ext/eurospider/live/fr/php/aza/http/index.php?highlight_docid=aza://28-02-2024-8C_615-2023&lang=fr&zoom=&type=show_document
FALSE;2024-03-18;6B_187/2024;Straftaten;https://www.bger.ch/ext/eurospider/live/fr/php/aza/http/index.php?highlight_docid=aza://04-03-2024-6B_187-2024&lang=fr&zoom=&type=show_document
FALSE;2024-03-18;6B_416/2023;Procédure pénale;https://www.bger.ch/ext/eurospider/live/fr/php/aza/http/index.php?highlight_docid=aza://04-03-2024-6B_416-2023&lang=fr&zoom=&type=show_document
FALSE;2024-03-18;9C_11/2024;Öffentliche Finanzen & Abgaberecht;https://www.bger.ch/ext/eurospider/live/fr/php/aza/http/index.php?highlight_docid=aza://04-03-2024-9C_11-2024&lang=fr&zoom=&type=show_document
FALSE;2024-03-18;5A_150/2024;Droit de la famille;https://www.bger.ch/ext/eurospider/live/fr/php/aza/http/index.php?highlight_docid=aza://05-03-2024-5A_150-2024&lang=fr&zoom=&type=show_document
FALSE;2024-03-18;1C_140/2024;Rechtshilfe und Auslieferung;https://www.bger.ch/ext/eurospider/live/fr/php/aza/http/index.php?highlight_docid=aza://07-03-2024-1C_140-2024&lang=fr&zoom=&type=show_document
FALSE;2024-03-15;7F_14/2023;Strafprozess;https://www.bger.ch/ext/eurospider/live/fr/php/aza/http/index.php?highlight_docid=aza://19-01-2024-7F_14-2023&lang=fr&zoom=&type=show_document
FALSE;2024-03-15;2C_537/2022;Gesundheitswesen & soziale Sicherheit;https://www.bger.ch/ext/eurospider/live/fr/php/aza/http/index.php?highlight_docid=aza://25-01-2024-2C_537-2022&lang=fr&zoom=&type=show_document
FALSE;2024-03-15;2C_7/2023;Bürgerrecht und Ausländerrecht;https://www.bger.ch/ext/eurospider/live/fr/php/aza/http/index.php?highlight_docid=aza://26-01-2024-2C_7-2023&lang=fr&zoom=&type=show_document
FALSE;2024-03-15;7B_989/2023;Strafprozess;https://www.bger.ch/ext/eurospider/live/fr/php/aza/http/index.php?highlight_docid=aza://05-02-2024-7B_989-2023&lang=fr&zoom=&type=show_document
FALSE;2024-03-15;2C_378/2023;Bürgerrecht und Ausländerrecht;https://www.bger.ch/ext/eurospider/live/fr/php/aza/http/index.php?highlight_docid=aza://13-02-2024-2C_378-2023&lang=fr&zoom=&type=show_document
FALSE;2024-03-15;9C_702/2023;Krankenversicherung;https://www.bger.ch/ext/eurospider/live/fr/php/aza/http/index.php?highlight_docid=aza://15-02-2024-9C_702-2023&lang=fr&zoom=&type=show_document
FALSE;2024-03-15;4A_648/2023;Schuldbetreibungs- und Konkursrecht;https://www.bger.ch/ext/eurospider/live/fr/php/aza/http/index.php?highlight_docid=aza://16-02-2024-4A_648-2023&lang=fr&zoom=&type=show_document
FALSE;2024-03-15;8C_535/2023;Arbeitslosenversicherung;https://www.bger.ch/ext/eurospider/live/fr/php/aza/http/index.php?highlight_docid=aza://19-02-2024-8C_535-2023&lang=fr&zoom=&type=show_document
FALSE;2024-03-15;9C_104/2024;Krankenversicherung;https://www.bger.ch/ext/eurospider/live/fr/php/aza/http/index.php?highlight_docid=aza://20-02-2024-9C_104-2024&lang=fr&zoom=&type=show_document
FALSE;2024-03-15;7B_853/2023;Droit pénal (en général);https://www.bger.ch/ext/eurospider/live/fr/php/aza/http/index.php?highlight_docid=aza://21-02-2024-7B_853-2023&lang=fr&zoom=&type=show_document
FALSE;2024-03-15;1C_470/2023;Construction des routes et circulation routière;https://www.bger.ch/ext/eurospider/live/fr/php/aza/http/index.php?highlight_docid=aza://22-02-2024-1C_470-2023&lang=fr&zoom=&type=show_document
FALSE;2024-03-15;9C_64/2024;Assicurazione per la vecchiaia e per i superstiti;https://www.bger.ch/ext/eurospider/live/fr/php/aza/http/index.php?highlight_docid=aza://22-02-2024-9C_64-2024&lang=fr&zoom=&type=show_document
FALSE;2024-03-15;2C_74/2024;Cittadinanza e diritto degli stranieri;https://www.bger.ch/ext/eurospider/live/fr/php/aza/http/index.php?highlight_docid=aza://23-02-2024-2C_74-2024&lang=fr&zoom=&type=show_document
FALSE;2024-03-15;5A_638/2023;Droit de la famille;https://www.bger.ch/ext/eurospider/live/fr/php/aza/http/index.php?highlight_docid=aza://23-02-2024-5A_638-2023&lang=fr&zoom=&type=show_document
FALSE;2024-03-15;5A_499/2023;Droit de la famille;https://www.bger.ch/ext/eurospider/live/fr/php/aza/http/index.php?highlight_docid=aza://26-02-2024-5A_499-2023&lang=fr&zoom=&type=show_document
FALSE;2024-03-15;7B_38/2024;Exécution des peines et des mesures;https://www.bger.ch/ext/eurospider/live/fr/php/aza/http/index.php?highlight_docid=aza://26-02-2024-7B_38-2024&lang=fr&zoom=&type=show_document
FALSE;2024-03-15;2C_124/2024;Bürgerrecht und Ausländerrecht;https://www.bger.ch/ext/eurospider/live/fr/php/aza/http/index.php?highlight_docid=aza://27-02-2024-2C_124-2024&lang=fr&zoom=&type=show_document
FALSE;2024-03-15;7B_94/2024;Procédure pénale;https://www.bger.ch/ext/eurospider/live/fr/php/aza/http/index.php?highlight_docid=aza://27-02-2024-7B_94-2024&lang=fr&zoom=&type=show_document
FALSE;2024-03-15;8C_552/2023;Invalidenversicherung;https://www.bger.ch/ext/eurospider/live/fr/php/aza/http/index.php?highlight_docid=aza://27-02-2024-8C_552-2023&lang=fr&zoom=&type=show_document
FALSE;2024-03-15;8C_583/2023;Invalidenversicherung;https://www.bger.ch/ext/eurospider/live/fr/php/aza/http/index.php?highlight_docid=aza://27-02-2024-8C_583-2023&lang=fr&zoom=&type=show_document
FALSE;2024-03-15;7B_878/2023;Strafrecht (allgemein);https://www.bger.ch/ext/eurospider/live/fr/php/aza/http/index.php?highlight_docid=aza://29-02-2024-7B_878-2023&lang=fr&zoom=&type=show_document
FALSE;2024-03-15;9C_51/2024;Invalidenversicherung;https://www.bger.ch/ext/eurospider/live/fr/php/aza/http/index.php?highlight_docid=aza://29-02-2024-9C_51-2024&lang=fr&zoom=&type=show_document
FALSE;2024-03-15;9C_59/2024;Erwerbersatzordnung;https://www.bger.ch/ext/eurospider/live/fr/php/aza/http/index.php?highlight_docid=aza://29-02-2024-9C_59-2024&lang=fr&zoom=&type=show_document
FALSE;2024-03-15;8C_45/2024;Unfallversicherung;https://www.bger.ch/ext/eurospider/live/fr/php/aza/http/index.php?highlight_docid=aza://01-03-2024-8C_45-2024&lang=fr&zoom=&type=show_document
FALSE;2024-03-15;8C_98/2024;Ergänzungsleistung;https://www.bger.ch/ext/eurospider/live/fr/php/aza/http/index.php?highlight_docid=aza://04-03-2024-8C_98-2024&lang=fr&zoom=&type=show_document
FALSE;2024-03-15;2C_122/2024;Ökologisches Gleichgewicht;https://www.bger.ch/ext/eurospider/live/fr/php/aza/http/index.php?highlight_docid=aza://05-03-2024-2C_122-2024&lang=fr&zoom=&type=show_document
FALSE;2024-03-15;4A_137/2024;Diritto delle esecuzioni e del fallimento;https://www.bger.ch/ext/eurospider/live/fr/php/aza/http/index.php?highlight_docid=aza://05-03-2024-4A_137-2024&lang=fr&zoom=&type=show_document
FALSE;2024-03-15;5A_149/2024;Register;https://www.bger.ch/ext/eurospider/live/fr/php/aza/http/index.php?highlight_docid=aza://05-03-2024-5A_149-2024&lang=fr&zoom=&type=show_document
FALSE;2024-03-15;5D_7/2024;Sachenrecht;https://www.bger.ch/ext/eurospider/live/fr/php/aza/http/index.php?highlight_docid=aza://05-03-2024-5D_7-2024&lang=fr&zoom=&type=show_document
FALSE;2024-03-15;9C_32/2024;Alters- und Hinterlassenenversicherung;https://www.bger.ch/ext/eurospider/live/fr/php/aza/http/index.php?highlight_docid=aza://05-03-2024-9C_32-2024&lang=fr&zoom=&type=show_document
FALSE;2024-03-15;5A_124/2024;Schuldbetreibungs- und Konkursrecht;https://www.bger.ch/ext/eurospider/live/fr/php/aza/http/index.php?highlight_docid=aza://06-03-2024-5A_124-2024&lang=fr&zoom=&type=show_document
FALSE;2024-03-15;5A_152/2024;Schuldbetreibungs- und Konkursrecht;https://www.bger.ch/ext/eurospider/live/fr/php/aza/http/index.php?highlight_docid=aza://06-03-2024-5A_152-2024&lang=fr&zoom=&type=show_document
FALSE;2024-03-15;5A_153/2024;Schuldbetreibungs- und Konkursrecht;https://www.bger.ch/ext/eurospider/live/fr/php/aza/http/index.php?highlight_docid=aza://06-03-2024-5A_153-2024&lang=fr&zoom=&type=show_document
FALSE;2024-03-15;5A_154/2024;Schuldbetreibungs- und Konkursrecht;https://www.bger.ch/ext/eurospider/live/fr/php/aza/http/index.php?highlight_docid=aza://06-03-2024-5A_154-2024&lang=fr&zoom=&type=show_document
FALSE;2024-03-15;5A_160/2024;Schuldbetreibungs- und Konkursrecht;https://www.bger.ch/ext/eurospider/live/fr/php/aza/http/index.php?highlight_docid=aza://06-03-2024-5A_160-2024&lang=fr&zoom=&type=show_document
FALSE;2024-03-15;5A_946/2023;Familienrecht;https://www.bger.ch/ext/eurospider/live/fr/php/aza/http/index.php?highlight_docid=aza://06-03-2024-5A_946-2023&lang=fr&zoom=&type=show_document
FALSE;2024-03-14;7B_280/2022;Straftaten;https://www.bger.ch/ext/eurospider/live/fr/php/aza/http/index.php?highlight_docid=aza://06-12-2023-7B_280-2022&lang=fr&zoom=&type=show_document
FALSE;2024-03-14;7B_191/2022;Straftaten;https://www.bger.ch/ext/eurospider/live/fr/php/aza/http/index.php?highlight_docid=aza://18-01-2024-7B_191-2022&lang=fr&zoom=&type=show_document
FALSE;2024-03-14;7B_559/2023;Strafprozess;https://www.bger.ch/ext/eurospider/live/fr/php/aza/http/index.php?highlight_docid=aza://19-01-2024-7B_559-2023&lang=fr&zoom=&type=show_document
FALSE;2024-03-14;7B_208/2022;Straf- und Massnahmenvollzug;https://www.bger.ch/ext/eurospider/live/fr/php/aza/http/index.php?highlight_docid=aza://25-01-2024-7B_208-2022&lang=fr&zoom=&type=show_document
FALSE;2024-03-14;7B_293/2022;Strafprozess;https://www.bger.ch/ext/eurospider/live/fr/php/aza/http/index.php?highlight_docid=aza://26-01-2024-7B_293-2022&lang=fr&zoom=&type=show_document
FALSE;2024-03-14;1C_55/2023;Pianificazione territoriale e diritto pubblico edilizio;https://www.bger.ch/ext/eurospider/live/fr/php/aza/http/index.php?highlight_docid=aza://02-02-2024-1C_55-2023&lang=fr&zoom=&type=show_document
FALSE;2024-03-14;7B_52/2022;Strafprozess;https://www.bger.ch/ext/eurospider/live/fr/php/aza/http/index.php?highlight_docid=aza://02-02-2024-7B_52-2022&lang=fr&zoom=&type=show_document
FALSE;2024-03-14;2C_80/2023;Grundrecht;https://www.bger.ch/ext/eurospider/live/fr/php/aza/http/index.php?highlight_docid=aza://06-02-2024-2C_80-2023&lang=fr&zoom=&type=show_document
FALSE;2024-03-14;8C_269/2023;Invalidenversicherung;https://www.bger.ch/ext/eurospider/live/fr/php/aza/http/index.php?highlight_docid=aza://06-02-2024-8C_269-2023&lang=fr&zoom=&type=show_document
FALSE;2024-03-14;7B_251/2022;Strafprozess;https://www.bger.ch/ext/eurospider/live/fr/php/aza/http/index.php?highlight_docid=aza://08-02-2024-7B_251-2022&lang=fr&zoom=&type=show_document
TRUE;2024-03-14;7B_209/2022;Straftaten*;https://www.bger.ch/ext/eurospider/live/fr/php/aza/http/index.php?highlight_docid=aza://09-02-2024-7B_209-2022&lang=fr&zoom=&type=show_document
FALSE;2024-03-14;6B_1287/2023;Infractions;https://www.bger.ch/ext/eurospider/live/fr/php/aza/http/index.php?highlight_docid=aza://13-02-2024-6B_1287-2023&lang=fr&zoom=&type=show_document
FALSE;2024-03-14;2C_354/2023;Bürgerrecht und Ausländerrecht;https://www.bger.ch/ext/eurospider/live/fr/php/aza/http/index.php?highlight_docid=aza://14-02-2024-2C_354-2023&lang=fr&zoom=&type=show_document
FALSE;2024-03-14;4A_628/2023;Zivilprozess;https://www.bger.ch/ext/eurospider/live/fr/php/aza/http/index.php?highlight_docid=aza://14-02-2024-4A_628-2023&lang=fr&zoom=&type=show_document
FALSE;2024-03-14;7B_82/2024;Procédure pénale;https://www.bger.ch/ext/eurospider/live/fr/php/aza/http/index.php?highlight_docid=aza://15-02-2024-7B_82-2024&lang=fr&zoom=&type=show_document
FALSE;2024-03-14;4A_521/2023;Vertragsrecht;https://www.bger.ch/ext/eurospider/live/fr/php/aza/http/index.php?highlight_docid=aza://16-02-2024-4A_521-2023&lang=fr&zoom=&type=show_document
FALSE;2024-03-14;1C_447/2023;Fonction publique;https://www.bger.ch/ext/eurospider/live/fr/php/aza/http/index.php?highlight_docid=aza://19-02-2024-1C_447-2023&lang=fr&zoom=&type=show_document
FALSE;2024-03-14;7B_899/2023;Procédure pénale;https://www.bger.ch/ext/eurospider/live/fr/php/aza/http/index.php?highlight_docid=aza://20-02-2024-7B_899-2023&lang=fr&zoom=&type=show_document
FALSE;2024-03-14;2F_3/2024;Staatshaftung;https://www.bger.ch/ext/eurospider/live/fr/php/aza/http/index.php?highlight_docid=aza://21-02-2024-2F_3-2024&lang=fr&zoom=&type=show_document
FALSE;2024-03-14;7B_1004/2023;Procédure pénale;https://www.bger.ch/ext/eurospider/live/fr/php/aza/http/index.php?highlight_docid=aza://21-02-2024-7B_1004-2023&lang=fr&zoom=&type=show_document
FALSE;2024-03-14;7B_320/2023;Strafprozess;https://www.bger.ch/ext/eurospider/live/fr/php/aza/http/index.php?highlight_docid=aza://21-02-2024-7B_320-2023&lang=fr&zoom=&type=show_document
FALSE;2024-03-14;7B_321/2023;Zuständigkeitsfragen, Garantie des Wohnsitzrichters und des verfassungsmässigen Richters;https://www.bger.ch/ext/eurospider/live/fr/php/aza/http/index.php?highlight_docid=aza://21-02-2024-7B_321-2023&lang=fr&zoom=&type=show_document
FALSE;2024-03-14;5A_591/2023;Droit de la famille;https://www.bger.ch/ext/eurospider/live/fr/php/aza/http/index.php?highlight_docid=aza://22-02-2024-5A_591-2023&lang=fr&zoom=&type=show_document
FALSE;2024-03-14;6B_1029/2023;Droit pénal (en général);https://www.bger.ch/ext/eurospider/live/fr/php/aza/http/index.php?highlight_docid=aza://22-02-2024-6B_1029-2023&lang=fr&zoom=&type=show_document
FALSE;2024-03-14;8C_521/2023;Allocation familiale et assurance sociale cantonale;https://www.bger.ch/ext/eurospider/live/fr/php/aza/http/index.php?highlight_docid=aza://22-02-2024-8C_521-2023&lang=fr&zoom=&type=show_document
FALSE;2024-03-14;2C_114/2024;Energie;https://www.bger.ch/ext/eurospider/live/fr/php/aza/http/index.php?highlight_docid=aza://23-02-2024-2C_114-2024&lang=fr&zoom=&type=show_document
FALSE;2024-03-14;6B_1209/2023;Droit pénal (en général);https://www.bger.ch/ext/eurospider/live/fr/php/aza/http/index.php?highlight_docid=aza://26-02-2024-6B_1209-2023&lang=fr&zoom=&type=show_document
FALSE;2024-03-14;6B_403/2023;Infractions;https://www.bger.ch/ext/eurospider/live/fr/php/aza/http/index.php?highlight_docid=aza://26-02-2024-6B_403-2023&lang=fr&zoom=&type=show_document
FALSE;2024-03-14;6B_593/2023;Strafprozess;https://www.bger.ch/ext/eurospider/live/fr/php/aza/http/index.php?highlight_docid=aza://26-02-2024-6B_593-2023&lang=fr&zoom=&type=show_document
FALSE;2024-03-14;6B_893/2023;Infractions;https://www.bger.ch/ext/eurospider/live/fr/php/aza/http/index.php?highlight_docid=aza://26-02-2024-6B_893-2023&lang=fr&zoom=&type=show_document
FALSE;2024-03-14;6B_962/2023;Strafrecht (allgemein);https://www.bger.ch/ext/eurospider/live/fr/php/aza/http/index.php?highlight_docid=aza://26-02-2024-6B_962-2023&lang=fr&zoom=&type=show_document
FALSE;2024-03-14;8C_527/2023;Assurance-accidents;https://www.bger.ch/ext/eurospider/live/fr/php/aza/http/index.php?highlight_docid=aza://26-02-2024-8C_527-2023&lang=fr&zoom=&type=show_document
FALSE;2024-03-14;9C_392/2023;Assurance-invalidité;https://www.bger.ch/ext/eurospider/live/fr/php/aza/http/index.php?highlight_docid=aza://26-02-2024-9C_392-2023&lang=fr&zoom=&type=show_document
FALSE;2024-03-14;9C_412/2023;Assurance-invalidité;https://www.bger.ch/ext/eurospider/live/fr/php/aza/http/index.php?highlight_docid=aza://27-02-2024-9C_412-2023&lang=fr&zoom=&type=show_document
FALSE;2024-03-14;5A_128/2024;Familienrecht;https://www.bger.ch/ext/eurospider/live/fr/php/aza/http/index.php?highlight_docid=aza://28-02-2024-5A_128-2024&lang=fr&zoom=&type=show_document
FALSE;2024-03-14;7B_232/2024;Procédure pénale;https://www.bger.ch/ext/eurospider/live/fr/php/aza/http/index.php?highlight_docid=aza://28-02-2024-7B_232-2024&lang=fr&zoom=&type=show_document
FALSE;2024-03-14;9C_537/2023;Assurance-maladie;https://www.bger.ch/ext/eurospider/live/fr/php/aza/http/index.php?highlight_docid=aza://28-02-2024-9C_537-2023&lang=fr&zoom=&type=show_document
FALSE;2024-03-14;5A_654/2023;Familienrecht;https://www.bger.ch/ext/eurospider/live/fr/php/aza/http/index.php?highlight_docid=aza://29-02-2024-5A_654-2023&lang=fr&zoom=&type=show_document
FALSE;2024-03-14;6B_1052/2023;Infractions;https://www.bger.ch/ext/eurospider/live/fr/php/aza/http/index.php?highlight_docid=aza://04-03-2024-6B_1052-2023&lang=fr&zoom=&type=show_document
FALSE;2024-03-14;7B_168/2024;Procédure pénale;https://www.bger.ch/ext/eurospider/live/fr/php/aza/http/index.php?highlight_docid=aza://04-03-2024-7B_168-2024&lang=fr&zoom=&type=show_document
TRUE;2024-03-14;7B_155/2024;Strafprozess*;https://www.bger.ch/ext/eurospider/live/fr/php/aza/http/index.php?highlight_docid=aza://05-03-2024-7B_155-2024&lang=fr&zoom=&type=show_document
FALSE;2024-03-13;4A_441/2022;Diritto contrattuale;https://www.bger.ch/ext/eurospider/live/fr/php/aza/http/index.php?highlight_docid=aza://03-01-2024-4A_441-2022&lang=fr&zoom=&type=show_document
FALSE;2024-03-13;1C_362/2022;Raumplanung und öffentliches Baurecht;https://www.bger.ch/ext/eurospider/live/fr/php/aza/http/index.php?highlight_docid=aza://09-01-2024-1C_362-2022&lang=fr&zoom=&type=show_document
FALSE;2024-03-13;1C_390/2022;Raumplanung und öffentliches Baurecht;https://www.bger.ch/ext/eurospider/live/fr/php/aza/http/index.php?highlight_docid=aza://09-01-2024-1C_390-2022&lang=fr&zoom=&type=show_document
FALSE;2024-03-13;2C_182/2023;Sachenrecht;https://www.bger.ch/ext/eurospider/live/fr/php/aza/http/index.php?highlight_docid=aza://06-02-2024-2C_182-2023&lang=fr&zoom=&type=show_document
FALSE;2024-03-13;2C_344/2023;Bürgerrecht und Ausländerrecht;https://www.bger.ch/ext/eurospider/live/fr/php/aza/http/index.php?highlight_docid=aza://06-02-2024-2C_344-2023&lang=fr&zoom=&type=show_document
FALSE;2024-03-13;8C_428/2023;Unfallversicherung;https://www.bger.ch/ext/eurospider/live/fr/php/aza/http/index.php?highlight_docid=aza://07-02-2024-8C_428-2023&lang=fr&zoom=&type=show_document
FALSE;2024-03-13;1F_4/2024;Strassenbau und Strassenverkehr;https://www.bger.ch/ext/eurospider/live/fr/php/aza/http/index.php?highlight_docid=aza://15-02-2024-1F_4-2024&lang=fr&zoom=&type=show_document
FALSE;2024-03-13;6B_7/2023;Straftaten;https://www.bger.ch/ext/eurospider/live/fr/php/aza/http/index.php?highlight_docid=aza://15-02-2024-6B_7-2023&lang=fr&zoom=&type=show_document
FALSE;2024-03-13;1C_114/2024;Aménagement du territoire et droit public des constructions;https://www.bger.ch/ext/eurospider/live/fr/php/aza/http/index.php?highlight_docid=aza://19-02-2024-1C_114-2024&lang=fr&zoom=&type=show_document
FALSE;2024-03-13;8C_401/2023;Unfallversicherung;https://www.bger.ch/ext/eurospider/live/fr/php/aza/http/index.php?highlight_docid=aza://19-02-2024-8C_401-2023&lang=fr&zoom=&type=show_document
FALSE;2024-03-13;6B_897/2023;Straftaten;https://www.bger.ch/ext/eurospider/live/fr/php/aza/http/index.php?highlight_docid=aza://20-02-2024-6B_897-2023&lang=fr&zoom=&type=show_document
FALSE;2024-03-13;6B_1039/2023;Infractions;https://www.bger.ch/ext/eurospider/live/fr/php/aza/http/index.php?highlight_docid=aza://21-02-2024-6B_1039-2023&lang=fr&zoom=&type=show_document
FALSE;2024-03-13;7B_14/2024;Questions de compétences, garantie du juge du domicile et du juge naturel;https://www.bger.ch/ext/eurospider/live/fr/php/aza/http/index.php?highlight_docid=aza://21-02-2024-7B_14-2024&lang=fr&zoom=&type=show_document
FALSE;2024-03-13;8C_424/2023;Unfallversicherung;https://www.bger.ch/ext/eurospider/live/fr/php/aza/http/index.php?highlight_docid=aza://21-02-2024-8C_424-2023&lang=fr&zoom=&type=show_document
FALSE;2024-03-13;8C_594/2023;Unfallversicherung;https://www.bger.ch/ext/eurospider/live/fr/php/aza/http/index.php?highlight_docid=aza://21-02-2024-8C_594-2023&lang=fr&zoom=&type=show_document
FALSE;2024-03-13;8C_653/2023;Invalidenversicherung;https://www.bger.ch/ext/eurospider/live/fr/php/aza/http/index.php?highlight_docid=aza://21-02-2024-8C_653-2023&lang=fr&zoom=&type=show_document
FALSE;2024-03-13;6B_1289/2023;Infractions;https://www.bger.ch/ext/eurospider/live/fr/php/aza/http/index.php?highlight_docid=aza://22-02-2024-6B_1289-2023&lang=fr&zoom=&type=show_document
FALSE;2024-03-13;7B_207/2023;Procédure pénale;https://www.bger.ch/ext/eurospider/live/fr/php/aza/http/index.php?highlight_docid=aza://22-02-2024-7B_207-2023&lang=fr&zoom=&type=show_document
FALSE;2024-03-13;8C_395/2023;Invalidenversicherung;https://www.bger.ch/ext/eurospider/live/fr/php/aza/http/index.php?highlight_docid=aza://22-02-2024-8C_395-2023&lang=fr&zoom=&type=show_document
FALSE;2024-03-13;4F_2/2024;Gesellschaftsrecht;https://www.bger.ch/ext/eurospider/live/fr/php/aza/http/index.php?highlight_docid=aza://23-02-2024-4F_2-2024&lang=fr&zoom=&type=show_document
FALSE;2024-03-13;5D_84/2023;Droit de la famille;https://www.bger.ch/ext/eurospider/live/fr/php/aza/http/index.php?highlight_docid=aza://23-02-2024-5D_84-2023&lang=fr&zoom=&type=show_document
FALSE;2024-03-13;7B_603/2023;Procédure pénale;https://www.bger.ch/ext/eurospider/live/fr/php/aza/http/index.php?highlight_docid=aza://23-02-2024-7B_603-2023&lang=fr&zoom=&type=show_document
FALSE;2024-03-13;6B_1007/2023;Infrazione;https://www.bger.ch/ext/eurospider/live/fr/php/aza/http/index.php?highlight_docid=aza://26-02-2024-6B_1007-2023&lang=fr&zoom=&type=show_document
FALSE;2024-03-13;6F_2/2024;Procédure pénale;https://www.bger.ch/ext/eurospider/live/fr/php/aza/http/index.php?highlight_docid=aza://26-02-2024-6F_2-2024&lang=fr&zoom=&type=show_document
FALSE;2024-03-13;6F_36/2023;Procédure pénale;https://www.bger.ch/ext/eurospider/live/fr/php/aza/http/index.php?highlight_docid=aza://26-02-2024-6F_36-2023&lang=fr&zoom=&type=show_document
FALSE;2024-03-13;7B_220/2024;Procédure pénale;https://www.bger.ch/ext/eurospider/live/fr/php/aza/http/index.php?highlight_docid=aza://26-02-2024-7B_220-2024&lang=fr&zoom=&type=show_document
FALSE;2024-03-13;9C_604/2023;Invalidenversicherung;https://www.bger.ch/ext/eurospider/live/fr/php/aza/http/index.php?highlight_docid=aza://26-02-2024-9C_604-2023&lang=fr&zoom=&type=show_document
FALSE;2024-03-13;5A_911/2023;Droit de la famille;https://www.bger.ch/ext/eurospider/live/fr/php/aza/http/index.php?highlight_docid=aza://27-02-2024-5A_911-2023&lang=fr&zoom=&type=show_document
FALSE;2024-03-13;7B_282/2023;Procédure pénale;https://www.bger.ch/ext/eurospider/live/fr/php/aza/http/index.php?highlight_docid=aza://27-02-2024-7B_282-2023&lang=fr&zoom=&type=show_document
FALSE;2024-03-13;5A_612/2023;Familienrecht;https://www.bger.ch/ext/eurospider/live/fr/php/aza/http/index.php?highlight_docid=aza://28-02-2024-5A_612-2023&lang=fr&zoom=&type=show_document
FALSE;2024-03-13;6B_50/2024;Straftaten;https://www.bger.ch/ext/eurospider/live/fr/php/aza/http/index.php?highlight_docid=aza://28-02-2024-6B_50-2024&lang=fr&zoom=&type=show_document
FALSE;2024-03-13;7B_1/2024;Questions de compétences, garantie du juge du domicile et du juge naturel;https://www.bger.ch/ext/eurospider/live/fr/php/aza/http/index.php?highlight_docid=aza://28-02-2024-7B_1-2024&lang=fr&zoom=&type=show_document
FALSE;2024-03-13;5A_19/2024;Register;https://www.bger.ch/ext/eurospider/live/fr/php/aza/http/index.php?highlight_docid=aza://29-02-2024-5A_19-2024&lang=fr&zoom=&type=show_document
FALSE;2024-03-13;5D_9/2024;Schuldbetreibungs- und Konkursrecht;https://www.bger.ch/ext/eurospider/live/fr/php/aza/http/index.php?highlight_docid=aza://29-02-2024-5D_9-2024&lang=fr&zoom=&type=show_document
FALSE;2024-03-13;2C_134/2024;Staatshaftung;https://www.bger.ch/ext/eurospider/live/fr/php/aza/http/index.php?highlight_docid=aza://01-03-2024-2C_134-2024&lang=fr&zoom=&type=show_document
FALSE;2024-03-13;5A_129/2024;Schuldbetreibungs- und Konkursrecht;https://www.bger.ch/ext/eurospider/live/fr/php/aza/http/index.php?highlight_docid=aza://01-03-2024-5A_129-2024&lang=fr&zoom=&type=show_document
FALSE;2024-03-13;7B_72/2024;Straf- und Massnahmenvollzug;https://www.bger.ch/ext/eurospider/live/fr/php/aza/http/index.php?highlight_docid=aza://06-03-2024-7B_72-2024&lang=fr&zoom=&type=show_document
FALSE;2024-03-13;7B_102/2024;Procédure pénale;https://www.bger.ch/ext/eurospider/live/fr/php/aza/http/index.php?highlight_docid=aza://11-03-2024-7B_102-2024&lang=fr&zoom=&type=show_document
FALSE;2024-03-12;1C_15/2024;Strassenbau und Strassenverkehr;https://www.bger.ch/ext/eurospider/live/fr/php/aza/http/index.php?highlight_docid=aza://18-01-2024-1C_15-2024&lang=fr&zoom=&type=show_document
FALSE;2024-03-12;2C_1040/2022;Bürgerrecht und Ausländerrecht;https://www.bger.ch/ext/eurospider/live/fr/php/aza/http/index.php?highlight_docid=aza://18-01-2024-2C_1040-2022&lang=fr&zoom=&type=show_document
FALSE;2024-03-12;1C_31/2024;Politische Rechte;https://www.bger.ch/ext/eurospider/live/fr/php/aza/http/index.php?highlight_docid=aza://22-01-2024-1C_31-2024&lang=fr&zoom=&type=show_document
FALSE;2024-03-12;2C_119/2023;Bürgerrecht und Ausländerrecht;https://www.bger.ch/ext/eurospider/live/fr/php/aza/http/index.php?highlight_docid=aza://26-01-2024-2C_119-2023&lang=fr&zoom=&type=show_document
FALSE;2024-03-12;1C_75/2024;Droit de cité et droit des étrangers;https://www.bger.ch/ext/eurospider/live/fr/php/aza/http/index.php?highlight_docid=aza://09-02-2024-1C_75-2024&lang=fr&zoom=&type=show_document
FALSE;2024-03-12;4A_626/2023;Schuldbetreibungs- und Konkursrecht;https://www.bger.ch/ext/eurospider/live/fr/php/aza/http/index.php?highlight_docid=aza://09-02-2024-4A_626-2023&lang=fr&zoom=&type=show_document
FALSE;2024-03-12;8C_214/2023;Unfallversicherung;https://www.bger.ch/ext/eurospider/live/fr/php/aza/http/index.php?highlight_docid=aza://20-02-2024-8C_214-2023&lang=fr&zoom=&type=show_document
FALSE;2024-03-12;8C_28/2024;Ergänzungsleistung;https://www.bger.ch/ext/eurospider/live/fr/php/aza/http/index.php?highlight_docid=aza://20-02-2024-8C_28-2024&lang=fr&zoom=&type=show_document
FALSE;2024-03-12;2C_51/2023;Diritti reali;https://www.bger.ch/ext/eurospider/live/fr/php/aza/http/index.php?highlight_docid=aza://21-02-2024-2C_51-2023&lang=fr&zoom=&type=show_document
FALSE;2024-03-12;9C_111/2024;Öffentliche Finanzen & Abgaberecht;https://www.bger.ch/ext/eurospider/live/fr/php/aza/http/index.php?highlight_docid=aza://21-02-2024-9C_111-2024&lang=fr&zoom=&type=show_document
FALSE;2024-03-12;5A_429/2023;Schuldbetreibungs- und Konkursrecht;https://www.bger.ch/ext/eurospider/live/fr/php/aza/http/index.php?highlight_docid=aza://22-02-2024-5A_429-2023&lang=fr&zoom=&type=show_document
FALSE;2024-03-12;2C_69/2024;Bürgerrecht und Ausländerrecht;https://www.bger.ch/ext/eurospider/live/fr/php/aza/http/index.php?highlight_docid=aza://23-02-2024-2C_69-2024&lang=fr&zoom=&type=show_document
FALSE;2024-03-12;4A_613/2023;Vertragsrecht;https://www.bger.ch/ext/eurospider/live/fr/php/aza/http/index.php?highlight_docid=aza://28-02-2024-4A_613-2023&lang=fr&zoom=&type=show_document
FALSE;2024-03-12;4A_619/2023;Obligationenrecht (allgemein);https://www.bger.ch/ext/eurospider/live/fr/php/aza/http/index.php?highlight_docid=aza://28-02-2024-4A_619-2023&lang=fr&zoom=&type=show_document
FALSE;2024-03-12;5A_135/2024;Familienrecht;https://www.bger.ch/ext/eurospider/live/fr/php/aza/http/index.php?highlight_docid=aza://28-02-2024-5A_135-2024&lang=fr&zoom=&type=show_document
FALSE;2024-03-12;4D_33/2024;Vertragsrecht;https://www.bger.ch/ext/eurospider/live/fr/php/aza/http/index.php?highlight_docid=aza://29-02-2024-4D_33-2024&lang=fr&zoom=&type=show_document
FALSE;2024-03-11;4A_11/2023;Droit des contrats;https://www.bger.ch/ext/eurospider/live/fr/php/aza/http/index.php?highlight_docid=aza://08-12-2023-4A_11-2023&lang=fr&zoom=&type=show_document
FALSE;2024-03-11;6B_1126/2023;Infractions;https://www.bger.ch/ext/eurospider/live/fr/php/aza/http/index.php?highlight_docid=aza://24-01-2024-6B_1126-2023&lang=fr&zoom=&type=show_document
FALSE;2024-03-11;7B_62/2022;Infractions;https://www.bger.ch/ext/eurospider/live/fr/php/aza/http/index.php?highlight_docid=aza://02-02-2024-7B_62-2022&lang=fr&zoom=&type=show_document
FALSE;2024-03-11;4A_87/2024;Droit des sociétés;https://www.bger.ch/ext/eurospider/live/fr/php/aza/http/index.php?highlight_docid=aza://08-02-2024-4A_87-2024&lang=fr&zoom=&type=show_document
FALSE;2024-03-11;7B_253/2022;Straftaten;https://www.bger.ch/ext/eurospider/live/fr/php/aza/http/index.php?highlight_docid=aza://08-02-2024-7B_253-2022&lang=fr&zoom=&type=show_document
FALSE;2024-03-11;7B_254/2022;Straftaten;https://www.bger.ch/ext/eurospider/live/fr/php/aza/http/index.php?highlight_docid=aza://08-02-2024-7B_254-2022&lang=fr&zoom=&type=show_document
FALSE;2024-03-11;4A_21/2024;Droit des contrats;https://www.bger.ch/ext/eurospider/live/fr/php/aza/http/index.php?highlight_docid=aza://12-02-2024-4A_21-2024&lang=fr&zoom=&type=show_document
FALSE;2024-03-11;4A_36/2024;Juridiction arbitrale;https://www.bger.ch/ext/eurospider/live/fr/php/aza/http/index.php?highlight_docid=aza://12-02-2024-4A_36-2024&lang=fr&zoom=&type=show_document
FALSE;2024-03-11;9C_27/2024;Öffentliche Finanzen & Abgaberecht;https://www.bger.ch/ext/eurospider/live/fr/php/aza/http/index.php?highlight_docid=aza://13-02-2024-9C_27-2024&lang=fr&zoom=&type=show_document
FALSE;2024-03-11;4A_38/2024;Juridiction arbitrale;https://www.bger.ch/ext/eurospider/live/fr/php/aza/http/index.php?highlight_docid=aza://14-02-2024-4A_38-2024&lang=fr&zoom=&type=show_document
FALSE;2024-03-11;4A_40/2024;Juridiction arbitrale;https://www.bger.ch/ext/eurospider/live/fr/php/aza/http/index.php?highlight_docid=aza://14-02-2024-4A_40-2024&lang=fr&zoom=&type=show_document
FALSE;2024-03-11;1C_76/2024;Procedura amministrativa;https://www.bger.ch/ext/eurospider/live/fr/php/aza/http/index.php?highlight_docid=aza://15-02-2024-1C_76-2024&lang=fr&zoom=&type=show_document
FALSE;2024-03-11;6B_933/2023;Straftaten;https://www.bger.ch/ext/eurospider/live/fr/php/aza/http/index.php?highlight_docid=aza://15-02-2024-6B_933-2023&lang=fr&zoom=&type=show_document
FALSE;2024-03-11;1C_104/2024;Procedura amministrativa;https://www.bger.ch/ext/eurospider/live/fr/php/aza/http/index.php?highlight_docid=aza://16-02-2024-1C_104-2024&lang=fr&zoom=&type=show_document
FALSE;2024-03-11;5A_430/2023;Familienrecht;https://www.bger.ch/ext/eurospider/live/fr/php/aza/http/index.php?highlight_docid=aza://16-02-2024-5A_430-2023&lang=fr&zoom=&type=show_document
FALSE;2024-03-11;6B_1349/2023;Straftaten;https://www.bger.ch/ext/eurospider/live/fr/php/aza/http/index.php?highlight_docid=aza://19-02-2024-6B_1349-2023&lang=fr&zoom=&type=show_document
FALSE;2024-03-11;5A_544/2023;Familienrecht;https://www.bger.ch/ext/eurospider/live/fr/php/aza/http/index.php?highlight_docid=aza://20-02-2024-5A_544-2023&lang=fr&zoom=&type=show_document
FALSE;2024-03-11;5A_726/2023;Diritti reali;https://www.bger.ch/ext/eurospider/live/fr/php/aza/http/index.php?highlight_docid=aza://20-02-2024-5A_726-2023&lang=fr&zoom=&type=show_document
FALSE;2024-03-11;4A_100/2024;Droit des contrats;https://www.bger.ch/ext/eurospider/live/fr/php/aza/http/index.php?highlight_docid=aza://21-02-2024-4A_100-2024&lang=fr&zoom=&type=show_document
FALSE;2024-03-11;5A_744/2023;Familienrecht;https://www.bger.ch/ext/eurospider/live/fr/php/aza/http/index.php?highlight_docid=aza://21-02-2024-5A_744-2023&lang=fr&zoom=&type=show_document
FALSE;2024-03-11;7B_136/2024;Procédure pénale;https://www.bger.ch/ext/eurospider/live/fr/php/aza/http/index.php?highlight_docid=aza://23-02-2024-7B_136-2024&lang=fr&zoom=&type=show_document
FALSE;2024-03-11;5A_87/2024;Droit de la famille;https://www.bger.ch/ext/eurospider/live/fr/php/aza/http/index.php?highlight_docid=aza://26-02-2024-5A_87-2024&lang=fr&zoom=&type=show_document
FALSE;2024-03-11;4A_97/2024;Vertragsrecht;https://www.bger.ch/ext/eurospider/live/fr/php/aza/http/index.php?highlight_docid=aza://27-02-2024-4A_97-2024&lang=fr&zoom=&type=show_document
FALSE;2024-03-11;7B_606/2023;Procédure pénale;https://www.bger.ch/ext/eurospider/live/fr/php/aza/http/index.php?highlight_docid=aza://27-02-2024-7B_606-2023&lang=fr&zoom=&type=show_document
FALSE;2024-03-11;9C_50/2024;Assurance-invalidité;https://www.bger.ch/ext/eurospider/live/fr/php/aza/http/index.php?highlight_docid=aza://27-02-2024-9C_50-2024&lang=fr&zoom=&type=show_document
FALSE;2024-03-11;4A_120/2024;Vertragsrecht;https://www.bger.ch/ext/eurospider/live/fr/php/aza/http/index.php?highlight_docid=aza://28-02-2024-4A_120-2024&lang=fr&zoom=&type=show_document
FALSE;2024-03-11;5A_130/2024;Familienrecht;https://www.bger.ch/ext/eurospider/live/fr/php/aza/http/index.php?highlight_docid=aza://28-02-2024-5A_130-2024&lang=fr&zoom=&type=show_document
FALSE;2024-03-11;5A_131/2024;Erbrecht;https://www.bger.ch/ext/eurospider/live/fr/php/aza/http/index.php?highlight_docid=aza://28-02-2024-5A_131-2024&lang=fr&zoom=&type=show_document
FALSE;2024-03-11;5A_134/2024;Droit des poursuites et faillites;https://www.bger.ch/ext/eurospider/live/fr/php/aza/http/index.php?highlight_docid=aza://28-02-2024-5A_134-2024&lang=fr&zoom=&type=show_document
FALSE;2024-03-11;5D_8/2024;Familienrecht;https://www.bger.ch/ext/eurospider/live/fr/php/aza/http/index.php?highlight_docid=aza://28-02-2024-5D_8-2024&lang=fr&zoom=&type=show_document
FALSE;2024-03-11;2C_119/2024;Gesundheitswesen & soziale Sicherheit;https://www.bger.ch/ext/eurospider/live/fr/php/aza/http/index.php?highlight_docid=aza://01-03-2024-2C_119-2024&lang=fr&zoom=&type=show_document
